task_type,resources,duration,cost
Analysis,4,34,1317
Validation,3,31,2090
Testing,4,19,861
Development,5,48,2228
Analysis,6,38,2562
Testing,3,39,1936
Validation,8,11,4696
Validation,1,6,3014
Testing,6,7,4718
Analysis,9,35,4435
Analysis,2,9,1345
Testing,8,23,3197
Testing,1,9,4452
Development,6,44,3238
Analysis,3,10,3523
Development,4,42,1112
Analysis,7,13,4446
Validation,6,13,2547
Validation,6,26,2395
Analysis,5,40,2928
Analysis,4,27,1450
Development,4,17,2243
Development,6,37,3059
Testing,8,6,769
Testing,8,15,4317
Validation,6,25,2141
Testing,7,7,1129
Testing,5,45,3211
Testing,6,46,1720
Analysis,7,29,1786
Validation,4,37,4051
Development,6,14,2051
Development,8,40,1633
Analysis,4,11,4541
Testing,9,40,1128
Development,5,25,1373
Development,1,27,3883
Development,6,34,2847
Development,4,17,2666
Analysis,2,11,4853
Testing,2,37,1320
Testing,4,13,1655
Testing,8,14,3776
Analysis,3,38,613
Development,4,20,572
Validation,9,8,2078
Testing,3,6,2461
Development,9,42,1402
Testing,5,5,3374
Development,3,8,1937
Testing,8,19,2416
Validation,8,45,3890
Validation,6,46,1436
Validation,4,23,4660
Testing,4,43,2693
Testing,6,34,3807
Testing,1,43,1027
Development,5,26,680
Testing,5,45,2034
Development,6,22,697
Development,2,14,3849
Development,1,42,3363
Validation,3,49,1804
Testing,6,20,3335
Testing,5,28,4519
Testing,7,31,3775
Development,8,48,883
Analysis,1,49,2901
Analysis,2,12,1073
Validation,6,17,1382
Testing,4,10,3205
Testing,3,10,4909
Development,8,10,1162
Validation,7,18,4770
Validation,4,28,3326
Validation,6,46,1762
Development,9,42,1981
Validation,7,26,1494
Validation,9,31,2555
Development,6,49,1387
Analysis,9,37,1477
Analysis,1,45,2751
Development,4,43,1094
Development,7,7,2990
Testing,1,34,3426
Development,3,30,2715
Testing,3,39,947
Development,8,47,603
Validation,7,8,1965
Testing,3,13,1019
Analysis,5,40,3179
Analysis,9,17,2209
Analysis,7,41,3544
Analysis,8,34,4337
Development,2,41,1110
Validation,2,30,4828
Development,3,10,2417
Validation,8,33,1979
Development,2,30,3948
Development,6,36,1251
Analysis,2,41,1171
Validation,8,44,2822
Validation,9,19,3667
Validation,1,10,2969
Testing,3,23,4915
Validation,5,12,3964
Testing,3,45,3196
Testing,3,20,1774
Testing,2,14,2483
Development,5,49,3010
Validation,8,26,1871
Analysis,7,39,4503
Development,2,34,843
Analysis,1,49,1020
Analysis,7,23,4843
Validation,8,20,3497
Validation,2,38,562
Development,2,22,993
Analysis,1,29,4939
Development,8,10,4644
Testing,2,41,4373
Development,7,10,1343
Analysis,7,16,551
Testing,8,6,576
Testing,8,43,641
Development,9,25,760
Validation,1,49,3167
Analysis,7,31,4753
Testing,4,10,3135
Development,5,23,1337
Analysis,8,17,3938
Validation,5,38,4965
Testing,5,16,2262
Testing,6,37,4259
Validation,7,25,3686
Validation,7,41,1487
Development,4,16,2046
Analysis,6,22,4492
Analysis,7,35,2111
Development,1,15,2757
Testing,2,13,680
Development,4,5,1261
Testing,5,36,4213
Analysis,7,49,1681
Development,3,5,4256
Development,2,34,3692
Testing,3,48,1579
Validation,9,24,4057
Validation,8,7,2371
Validation,4,16,4433
Development,8,34,3732
Validation,3,23,3042
Testing,9,25,3673
Validation,6,8,3701
Testing,2,44,3397
Analysis,9,6,3119
Development,3,42,3942
Analysis,5,31,3229
Testing,8,39,3071
Testing,9,8,3617
Testing,1,8,1893
Validation,2,5,1261
Analysis,4,42,1671
Validation,7,31,4226
Development,3,30,4909
Development,4,27,619
Testing,7,41,1881
Analysis,6,39,1978
Development,1,8,2065
Validation,7,17,674
Analysis,8,17,3414
Validation,7,43,3089
Testing,4,48,2557
Analysis,3,41,507
Testing,5,30,2345
Analysis,3,45,4368
Development,2,33,3219
Testing,7,23,3603
Development,5,13,1738
Analysis,6,45,4834
Validation,3,47,4945
Development,7,48,3327
Analysis,7,7,4526
Analysis,8,22,2627
Development,9,14,1982
Development,1,29,2190
Analysis,4,23,3027
Testing,7,28,2837
Validation,1,22,899
Analysis,1,23,1955
Testing,9,8,3951
Validation,9,12,2656
Analysis,1,46,3007
Validation,5,36,3374
Development,3,33,1686
Analysis,7,20,2977
Development,1,28,1870
Validation,3,22,2317
Analysis,2,9,3691
Testing,5,31,2366
Development,6,21,3326
Validation,8,6,4633
Development,5,37,1459
Testing,7,42,4353
Development,6,34,2415
Development,9,23,3915
Testing,1,26,1451
Development,5,10,946
Development,4,12,1803
Validation,1,19,3119
Validation,5,28,1084
Analysis,1,33,4979
Development,7,33,1662
Development,8,42,916
Validation,8,48,507
Testing,7,14,546
Development,8,17,4907
Testing,2,26,1971
Analysis,5,7,1598
Testing,2,49,4064
Validation,8,47,2837
Development,7,7,4020
Analysis,8,23,4527
Development,6,14,4190
Analysis,2,33,4484
Testing,1,43,2829
Development,9,20,3374
Analysis,2,35,4539
Development,2,33,4989
Development,5,17,4121
Validation,4,24,4730
Validation,1,22,3847
Validation,6,25,2744
Analysis,8,10,2473
Development,9,30,4166
Analysis,4,48,1877
Validation,5,20,1437
Testing,1,48,4747
Development,5,48,564
Analysis,1,16,4394
Testing,9,44,2814
Testing,2,45,4213
Development,2,16,3307
Testing,2,7,4448
Analysis,1,49,3599
Development,1,32,4331
Validation,7,26,948
Development,1,41,2064
Development,4,18,1477
Validation,5,46,546
Validation,8,25,4516
Validation,1,41,1266
Development,2,35,3879
Analysis,2,18,3704
Validation,9,8,1533
Development,8,39,3634
Development,9,43,2894
Analysis,5,26,554
Development,2,46,2389
Development,5,42,3555
Development,3,11,534
Analysis,2,25,680
Testing,8,31,4697
Validation,4,36,4948
Development,3,5,3220
Analysis,1,10,1212
Validation,9,33,4545
Validation,5,16,2814
Validation,8,29,2903
Validation,3,9,1085
Validation,2,6,2069
Validation,6,40,856
Validation,7,49,4384
Analysis,8,18,1906
Validation,9,17,2780
Testing,7,21,3645
Analysis,1,33,3819
Testing,9,6,770
Development,3,19,635
Validation,3,9,2227
Validation,2,18,4508
Testing,1,48,3961
Development,6,41,3300
Development,3,5,3702
Development,1,22,2161
Testing,2,43,2001
Development,8,8,2208
Testing,5,49,4643
Testing,1,16,2514
Development,1,18,2294
Analysis,7,42,2132
Validation,7,47,1592
Testing,3,30,2116
Analysis,8,31,1598
Development,4,15,4592
Validation,7,46,3029
Testing,2,39,3463
Testing,2,21,3950
Validation,3,28,3734
Analysis,3,13,2626
Development,8,21,1246
Development,2,41,4498
Testing,8,45,4299
Validation,9,5,2683
Testing,7,14,2723
Testing,5,41,2094
Validation,1,38,2623
Testing,1,28,3335
Development,6,48,1726
Development,3,16,3530
Testing,7,21,1092
Testing,2,49,4226
Testing,9,34,3223
Validation,7,13,2404
Testing,2,19,1523
Analysis,3,10,3940
Analysis,2,6,4511
Validation,5,44,831
Testing,6,29,2349
Validation,1,44,3031
Development,2,17,3251
Analysis,4,24,534
Analysis,2,49,4275
Analysis,3,13,2100
Validation,8,18,2813
Development,2,6,4403
Testing,8,20,1635
Development,7,9,1507
Validation,9,23,2981
Analysis,2,29,1967
Testing,5,25,3195
Development,3,24,3065
Validation,2,26,585
Development,9,15,2634
Development,5,8,1262
Validation,1,34,2397
Analysis,3,32,2640
Testing,6,36,3751
Testing,8,17,1399
Development,5,35,4748
Development,6,27,765
Analysis,9,17,1588
Analysis,2,20,651
Validation,2,28,992
Analysis,6,15,3151
Development,8,6,1282
Analysis,5,25,3962
Validation,2,31,3243
Development,2,11,4499
Validation,2,29,664
Development,9,9,2595
Development,8,26,620
Development,2,44,771
Validation,7,23,1757
Development,2,18,2757
Development,8,9,4191
Development,3,12,1296
Testing,6,27,3099
Validation,6,49,815
Testing,1,23,3318
Analysis,5,26,1801
Development,2,42,2992
Analysis,8,38,4969
Testing,2,31,3312
Testing,3,12,4580
Development,2,9,3560
Analysis,3,11,4544
Development,4,26,1640
Validation,4,40,2382
Validation,1,44,4930
Testing,4,30,3869
Testing,3,27,4718
Testing,3,35,3889
Development,4,39,4050
Analysis,4,19,3497
Testing,2,27,4226
Validation,7,47,2519
Testing,8,45,1450
Testing,5,39,4566
Validation,4,6,605
Analysis,1,30,2599
Validation,7,33,2046
Testing,4,48,4799
Testing,3,40,1700
Validation,1,43,3107
Testing,3,23,2881
Testing,1,31,3066
Development,9,41,4267
Analysis,7,34,2467
Development,4,8,3239
Analysis,8,46,3913
Analysis,2,34,1125
Analysis,1,22,4019
Development,2,6,4922
Validation,4,39,1841
Validation,2,5,4297
Testing,1,46,3096
Validation,8,5,4333
Development,7,37,738
Validation,7,33,1140
Testing,2,35,2251
Testing,3,40,2265
Analysis,4,35,4046
Validation,8,31,4749
Validation,4,14,1905
Development,6,40,1513
Analysis,5,30,2482
Development,1,23,4196
Validation,6,8,4334
Validation,8,39,4898
Analysis,1,18,533
Testing,4,41,724
Testing,9,29,3542
Analysis,3,21,2933
Development,3,19,3698
Testing,6,34,1479
Testing,9,22,3633
Analysis,6,30,4190
Analysis,9,7,1560
Analysis,3,18,4441
Development,3,5,3935
Testing,3,28,2877
Analysis,9,46,2581
Development,1,29,4799
Testing,7,28,1303
Analysis,1,25,4416
Validation,4,8,4705
Testing,5,6,1618
Development,3,33,2209
Testing,9,40,4309
Development,4,35,4409
Analysis,3,46,2489
Testing,9,29,3634
Development,7,12,2118
Analysis,5,33,3378
Validation,3,43,1359
Development,3,7,1773
Analysis,4,49,1853
Testing,2,12,4618
Development,2,46,4388
Validation,7,16,1152
Validation,5,18,712
Development,2,42,1484
Testing,3,16,2634
Testing,5,26,3891
Testing,5,45,2106
Development,9,17,2252
Testing,7,44,3525
Testing,5,26,3106
Testing,9,6,923
Development,2,31,2677
Validation,5,40,4904
Validation,8,47,567
Validation,2,17,4704
Development,9,25,549
Testing,7,40,4519
Analysis,7,10,4906
Analysis,5,17,2149
Testing,1,41,3559
Validation,1,24,2696
Testing,9,15,4025
Validation,3,17,4053
Analysis,3,27,2522
Development,1,13,2340
Testing,2,25,1458
Development,8,36,1159
Analysis,6,32,4856
Validation,2,7,3318
Development,6,25,3808
Analysis,4,34,2737
Testing,5,34,4891
Analysis,9,45,3457
Testing,1,16,2554
Validation,3,33,4114
Testing,4,11,2687
Development,5,31,1958
Analysis,5,44,3894
Development,3,12,3260
Validation,4,13,4178
Development,9,10,4346
Validation,8,23,699
Development,4,7,1602
Analysis,8,28,2466
Validation,3,24,2876
Analysis,2,33,3277
Testing,7,27,1922
Validation,9,31,4028
Testing,7,43,2423
Testing,6,21,2201
Analysis,3,8,2951
Analysis,1,36,4661
Testing,7,26,3307
Validation,2,22,2749
Validation,6,20,773
Development,5,35,2928
Analysis,1,47,3645
Analysis,6,17,3737
Development,8,49,4263
Validation,5,18,843
Development,9,10,2582
Development,1,17,4964
Analysis,3,46,4689
Development,3,10,2741
Validation,1,32,4172
Testing,7,17,1734
Validation,3,9,4313
Testing,7,22,3525
Testing,2,20,3065
Validation,9,7,3979
Development,9,9,2411
Validation,6,40,4117
Development,3,26,3686
Testing,1,28,3902
Development,2,14,4140
Analysis,1,16,1505
Analysis,3,30,4526
Testing,7,23,4560
Development,4,32,2441
Validation,5,32,2326
Validation,5,22,1537
Analysis,3,10,2287
Analysis,2,11,4813
Development,7,20,2807
Testing,1,12,2825
Testing,9,24,911
Development,2,29,1236
Analysis,9,6,3371
Validation,1,34,3857
Development,7,23,2457
Analysis,8,34,4473
Analysis,6,40,2406
Development,3,21,2619
Analysis,3,41,1431
Testing,9,29,4288
Analysis,2,40,759
Development,1,40,2941
Development,6,19,4669
Analysis,1,17,1949
Testing,5,10,2889
Analysis,9,23,2400
Analysis,5,41,530
Analysis,3,43,1110
Validation,9,27,2211
Development,1,26,3142
Development,3,38,2135
Analysis,2,44,1141
Analysis,1,45,2861
Validation,7,7,3802
Validation,6,21,3545
Validation,9,25,3851
Validation,3,21,1726
Testing,6,18,4381
Validation,5,22,2928
Testing,2,20,658
Analysis,6,44,4965
Validation,2,23,1250
Testing,2,26,2507
Development,6,46,551
Testing,8,22,582
Validation,7,30,4545
Analysis,5,40,2391
Testing,4,6,4548
Validation,8,35,2930
Validation,1,16,3327
Validation,6,27,4849
Testing,3,31,4907
Validation,2,17,660
Development,2,17,2186
Testing,4,31,1381
Testing,7,30,4304
Testing,5,6,3042
Testing,3,32,1898
Development,5,33,1099
Analysis,3,43,890
Analysis,9,29,3337
Testing,3,43,3156
Development,5,36,4208
Analysis,9,37,3034
Development,6,11,4425
Validation,9,5,4664
Analysis,3,9,1596
Development,3,29,2688
Validation,8,29,1688
Testing,1,45,1126
Development,9,45,4773
Testing,8,6,4560
Analysis,3,37,4168
Analysis,3,10,2251
Testing,8,38,2433
Testing,4,31,3759
Testing,5,32,3000
Testing,3,14,4108
Development,3,32,3083
Validation,7,31,2115
Development,2,41,2828
Validation,4,24,906
Development,9,37,2075
Analysis,4,15,2193
Development,1,31,2586
Development,8,42,1331
Development,9,35,4289
Development,8,34,2835
Validation,8,26,1652
Development,4,9,4550
Analysis,9,18,3022
Validation,9,46,3485
Validation,7,27,1997
Testing,5,45,2464
Development,9,11,1268
Analysis,2,24,3419
Testing,7,22,3637
Validation,5,10,2721
Testing,1,22,570
Development,5,19,3219
Development,8,8,505
Development,7,43,4086
Validation,7,20,2175
Validation,9,22,4272
Development,2,35,784
Development,4,37,675
Analysis,9,10,570
Analysis,5,21,3031
Analysis,7,10,3500
Development,6,40,3321
Testing,6,37,3054
Testing,6,27,2681
Validation,5,21,900
Testing,4,35,1434
Validation,9,25,879
Testing,2,9,2193
Validation,1,28,3380
Analysis,4,40,1201
Development,7,24,4688
Analysis,8,40,4577
Testing,4,46,3265
Validation,4,12,2949
Development,3,8,1127
Development,9,9,3873
Development,4,30,3957
Validation,6,8,2558
Validation,2,17,1626
Testing,3,26,4902
Development,4,27,522
Validation,4,41,3686
Validation,7,47,2145
Analysis,9,40,4441
Development,5,41,1023
Analysis,8,8,4459
Validation,2,26,524
Testing,9,9,553
Testing,3,17,792
Validation,2,8,3293
Analysis,1,39,2778
Validation,2,29,1808
Testing,5,34,1090
Testing,9,23,3643
Development,9,48,1830
Testing,7,11,645
Analysis,4,43,2999
Development,9,23,1048
Validation,7,39,1189
Development,6,35,2724
Development,4,33,3315
Validation,6,26,873
Validation,9,37,1733
Development,9,35,2242
Testing,2,29,990
Development,7,45,4831
Testing,4,28,4166
Development,9,35,1903
Analysis,4,7,4025
Analysis,6,5,906
Validation,5,21,2602
Development,1,32,4571
Analysis,2,28,3896
Analysis,2,44,4810
Development,5,30,1023
Analysis,5,23,3431
Validation,7,46,1160
Testing,5,26,1718
Development,1,36,2023
Testing,4,25,4780
Validation,6,48,1832
Validation,5,22,4519
Analysis,5,35,4327
Development,9,32,3102
Testing,3,33,829
Validation,1,33,1233
Testing,2,21,3204
Validation,8,32,1516
Testing,6,49,4557
Validation,1,32,3093
Testing,2,8,702
Testing,5,35,859
Analysis,4,38,4936
Validation,4,47,1294
Analysis,6,8,611
Validation,2,33,3857
Development,3,24,1221
Development,2,44,4947
Development,1,36,4485
Validation,2,24,876
Testing,8,23,2951
Validation,6,37,2044
Development,9,29,3886
Validation,6,10,1414
Analysis,8,6,3015
Development,8,47,528
Development,9,8,4085
Testing,6,23,4355
Analysis,6,20,1704
Analysis,8,45,4129
Analysis,4,17,3089
Development,4,17,1363
Analysis,8,27,3514
Analysis,2,29,2078
Analysis,9,30,1053
Testing,4,24,3303
Development,5,14,1366
Analysis,9,42,890
Analysis,5,48,2427
Validation,4,36,1352
Analysis,3,31,1281
Development,1,41,3829
Testing,2,31,4965
Validation,6,23,2292
Analysis,9,11,4942
Analysis,9,6,2789
Analysis,9,36,2062
Testing,3,34,2115
Analysis,1,44,2569
Development,2,47,4101
Development,5,27,4128
Analysis,4,39,2664
Development,9,15,2163
Testing,6,26,2027
Analysis,1,39,2902
Analysis,2,10,3163
Validation,8,39,3439
Development,8,48,1156
Analysis,3,42,4987
Validation,6,30,1694
Development,6,17,695
Analysis,2,33,1203
Validation,6,44,723
Development,4,11,3901
Testing,9,32,3009
Testing,5,43,1726
Analysis,2,5,1359
Testing,9,49,2242
Analysis,1,17,698
Development,3,34,2831
Validation,5,30,4466
Analysis,6,13,3537
Analysis,2,7,1692
Testing,6,25,2521
Testing,2,27,1195
Development,4,24,4066
Analysis,2,19,4620
Testing,9,31,758
Validation,3,7,3130
Development,2,17,3889
Development,7,37,4471
Testing,7,32,604
Analysis,4,26,1786
Testing,4,49,4023
Testing,8,32,1791
Testing,6,33,550
Testing,8,16,3892
Development,4,25,4454
Testing,8,30,1708
Testing,4,46,4909
Development,7,34,2975
Development,8,30,3755
Development,6,16,2578
Analysis,7,27,4430
Development,3,22,526
Validation,9,5,3296
Development,4,36,1645
Development,8,10,2657
Testing,2,22,1552
Testing,3,37,1235
Validation,8,22,4275
Analysis,7,21,1293
Analysis,2,24,2300
Validation,2,5,904
Development,8,45,4305
Testing,8,43,1222
Analysis,7,26,3350
Validation,8,46,4821
Analysis,5,24,2639
Testing,8,33,3265
Analysis,6,18,2687
Development,5,48,2868
Testing,7,11,4518
Testing,5,25,4807
Analysis,1,48,2292
Validation,7,27,4981
Validation,6,47,1600
Development,6,49,4625
Validation,3,36,2347
Analysis,3,30,1267
Testing,3,6,2447
Testing,3,20,911
Validation,2,24,4289
Testing,9,6,874
Analysis,4,31,2899
Testing,3,37,928
Testing,5,30,4060
Testing,7,26,1375
Analysis,2,11,1756
Development,8,30,3968
Analysis,4,26,2983
Testing,2,34,4583
Analysis,7,35,4293
Testing,1,25,3807
Analysis,9,35,4118
Analysis,8,31,1145
Testing,9,33,3865
Analysis,2,7,3521
Analysis,4,30,1682
Testing,2,12,3022
Validation,7,41,3934
Testing,9,8,2913
Development,9,35,4086
Analysis,8,41,3042
Validation,4,32,4311
Testing,5,9,4528
Analysis,4,19,4992
Development,1,16,2190
Development,9,16,3694
Validation,7,46,707
Testing,7,36,1740
Testing,7,38,4360
Development,7,48,3044
Analysis,9,30,2499
Testing,6,27,912
Analysis,1,30,1211
Development,6,14,3464
Analysis,4,33,1220
Validation,2,26,4666
Development,7,34,3917
Development,7,22,3358
Development,5,8,2206
Testing,9,45,3754
Validation,6,8,4629
Development,5,20,1535
Validation,7,23,1034
Testing,1,6,1490
Analysis,2,21,3605
Development,9,5,2930
Analysis,3,25,3487
Validation,6,49,3728
Analysis,3,24,4155
Validation,5,29,1230
Validation,8,25,4377
Validation,3,40,3102
Development,9,11,4747
Analysis,9,28,2639
Development,2,26,4587
Analysis,7,41,3737
Analysis,5,39,1777
Analysis,2,19,3142
Validation,4,37,1419
Validation,7,23,1641
Testing,2,39,3350
Testing,4,34,4616
Development,1,19,1641
Testing,3,8,4587
Validation,5,17,3583
Analysis,5,18,3032
Validation,4,40,4299
Analysis,8,25,2007
Analysis,9,49,1555
Testing,1,21,1260
Development,4,33,4637
Analysis,1,25,3994
Development,5,42,4569
Validation,2,41,4367
Validation,5,38,4768
Development,3,27,4349
Analysis,4,41,4683
Testing,8,17,1590
Validation,4,30,4144
Validation,1,39,2404
Validation,9,28,4766
Testing,3,21,1054
Testing,8,24,967
Validation,4,42,3602
Analysis,3,21,3590
Analysis,5,42,2135
Validation,8,25,1837
Analysis,2,37,869
Testing,6,26,938
Development,3,47,4445
Testing,3,45,2319
Development,6,6,4424
Testing,5,30,3820
Testing,3,31,4302
Development,8,41,1550
Testing,4,34,722
Development,4,6,2863
Testing,6,33,4041
Analysis,5,15,967
Development,1,44,1402
Analysis,5,35,3741
Analysis,1,11,560
Analysis,1,35,1280
Analysis,3,19,3371
Validation,3,14,1819
Analysis,9,15,1763
Validation,8,5,2511
Analysis,9,31,1086
Validation,7,38,815
Analysis,5,36,1238
Development,3,12,3686
Development,2,20,2332
Analysis,3,20,4291
Development,9,42,3368
Development,4,38,1276
Analysis,8,11,847
Analysis,8,44,824
Testing,7,23,4946
Validation,1,8,4235
Analysis,3,9,4202
Development,7,21,1595
Analysis,9,13,2470
Analysis,3,5,2477
Validation,7,5,4523
Development,1,15,3975
Analysis,5,38,3046
Validation,7,38,985
Development,2,20,4468
Testing,1,32,1506
Validation,9,5,4428
Testing,7,34,4210
Development,6,34,3020
Analysis,4,29,4195
Development,7,16,4322
Validation,2,43,4095
Analysis,6,16,2687
Testing,1,10,3421
Analysis,7,30,3410
Analysis,7,22,1445
Development,6,43,4299
Testing,6,43,1700
Analysis,6,38,2723
Development,5,38,4001
Testing,2,44,4867
Testing,5,39,2143
Analysis,9,27,1086
Development,6,32,780
Analysis,3,24,2592
Analysis,9,13,1389
Testing,4,16,4007
Development,5,30,1798
Testing,7,28,1859
Analysis,2,7,4386
Validation,4,45,2592
Development,9,33,4262
Development,3,16,3151
Testing,4,21,4866
Testing,2,49,3875
Validation,5,44,756
Development,6,12,4152
Development,9,38,3362
Analysis,9,20,2572
Testing,6,40,1291
Validation,2,16,2116
Validation,8,5,2266
Analysis,9,28,3568
Development,3,7,3755
Testing,3,41,1253
Testing,5,36,4065
Testing,3,47,2423
Analysis,9,27,1306
Testing,5,28,2021
Analysis,1,8,1617
Testing,1,36,2072
Analysis,3,14,1848
Validation,6,48,3205
Testing,7,26,2287
Validation,2,17,4581
Development,7,11,2471
Validation,6,39,3860
Development,4,32,1498
Development,7,11,2604
Validation,6,20,4134
Development,7,39,3880
Analysis,8,46,1168
Testing,4,32,1354
Analysis,1,44,4543
Testing,1,20,2585
Validation,2,9,1439
Analysis,1,19,2100
Analysis,6,30,4464
Analysis,7,5,1554
Testing,3,29,3554
Testing,4,13,1770
Analysis,6,10,2637
Analysis,1,28,666
Analysis,5,23,1849
Validation,5,37,1386
Analysis,8,8,2931
Testing,2,5,3062
Development,4,39,4499
Testing,2,36,4539
Analysis,5,29,2216
Analysis,9,32,1488
Analysis,1,14,2011
Validation,5,32,1491
Development,9,18,3074
Validation,1,48,3555
Development,7,12,2941
Validation,4,32,3163
Validation,6,28,1564
Development,1,48,4799
Analysis,4,22,4801
Analysis,5,11,2351
Validation,2,30,571
Testing,7,5,3079
Analysis,3,33,936
Analysis,4,42,4882
Development,2,14,1444
Analysis,9,49,3407
Development,4,24,4258
Analysis,3,46,4326
Development,8,28,806
Analysis,6,18,4614
Development,5,29,2280
Analysis,5,39,1988
Analysis,9,29,3606
Validation,5,14,1314
Analysis,1,44,510
Testing,1,43,2030
Development,6,47,2926
Analysis,3,18,2207
Testing,7,11,3021
Analysis,2,24,1018
Testing,6,39,2643
Analysis,6,44,4870
Validation,2,49,2702
Testing,7,20,2860
Development,7,47,1873
Validation,1,34,3025
Analysis,9,30,4914
Validation,8,34,2902
Validation,5,41,1914
Testing,7,10,3809
Development,6,13,1550
Validation,6,48,4995
Analysis,4,9,3875
Development,6,24,1118
Development,7,11,3283
Testing,2,40,2274
Validation,2,8,610
Testing,2,49,2411
Testing,7,12,2436
Analysis,6,5,3193
Validation,9,8,3946
Development,9,34,3301
Testing,4,35,4142
Testing,7,32,3009
Development,5,40,4356
Testing,4,44,1753
Testing,9,47,3058
Analysis,9,43,4612
Development,8,36,1128
Testing,4,41,4714
Testing,3,20,4140
Analysis,9,10,3915
Testing,8,19,4714
Validation,1,9,4331
Development,8,6,896
Analysis,6,35,1856
Development,5,5,4125
Validation,2,9,2375
Validation,9,5,2420
Analysis,9,15,1636
Validation,6,32,1979
Development,7,15,1197
Development,2,7,2023
Development,3,46,1920
Analysis,1,19,1604
Development,4,14,915
Development,2,32,4246
Analysis,8,19,1463
Development,3,32,3388
Validation,3,11,917
Analysis,7,27,4376
Development,1,20,552
Development,9,18,2930
Validation,9,29,2905
Development,2,11,1879
Validation,9,9,3173
Analysis,4,49,1472
Validation,7,44,2203
Testing,6,45,2890
Analysis,2,28,3219
Development,3,34,1697
Validation,4,43,1154
Testing,3,13,1159
Development,8,23,2161
Validation,2,44,4112
Validation,4,16,3830
Development,6,20,2523
Validation,2,5,2759
Development,6,28,2542
Analysis,6,8,2881
Analysis,5,18,828
Development,6,41,2520
Analysis,4,42,2412
Testing,1,18,2079
Development,3,42,2004
Development,3,30,1248
Validation,1,38,2964
Testing,1,41,4277
Validation,8,19,4329
Development,8,30,2779
Development,4,30,3081
Validation,5,31,4018
Validation,1,20,3551
Testing,6,19,4195
Validation,3,36,1335
Development,2,18,4038
Validation,6,48,4014
Validation,5,36,2007
Validation,3,13,1286
Validation,2,24,1310
Validation,9,6,3904
Development,3,28,1489
Validation,5,48,2019
Testing,9,27,2526
Development,4,24,2521
Validation,9,43,2844
Testing,8,37,2529
Validation,7,27,2949
Development,6,11,726
Development,6,15,3980
Validation,9,36,2965
Development,2,46,3603
Validation,5,15,563
Validation,2,28,2848
Development,1,45,3222
Validation,9,46,1103
Testing,6,43,950
Development,8,20,3330
Testing,6,26,3942
Development,9,45,2847
Testing,1,30,923
Testing,4,38,1675
Testing,8,48,1782
Validation,9,44,4887
Testing,4,44,2715
Validation,9,45,4861
Testing,9,11,4099
Validation,5,33,3959
Analysis,6,27,3983
Validation,6,8,1528
Validation,5,10,3616
Validation,2,26,4007
Analysis,2,36,4231
Development,9,22,3082
Development,7,8,597
Analysis,2,15,3000
Testing,6,11,3755
Validation,4,20,1465
Validation,1,23,1476
Testing,6,29,4604
Analysis,1,19,4710
Development,6,21,4208
Testing,9,8,3373
Development,2,14,1315
Development,7,26,4144
Validation,9,31,2775
Development,4,14,787
Testing,9,8,709
Development,3,34,1869
Analysis,5,37,1426
Development,4,20,2926
Testing,6,48,2641
Testing,7,23,646
Development,9,5,3879
Development,3,20,968
Testing,8,22,1712
Development,7,47,2443
Testing,1,47,3628
Development,7,18,1736
Analysis,7,12,2685
Analysis,7,40,1119
Development,8,9,1421
Development,8,45,827
Testing,2,49,2382
Testing,9,12,814
Analysis,1,15,4557
Development,5,11,609
Validation,1,8,2963
Testing,8,46,4170
Analysis,2,21,2350
Analysis,1,23,3559
Validation,7,49,2925
Analysis,9,21,4798
Testing,8,48,4619
Testing,9,42,3584
Testing,1,31,4825
Analysis,5,13,1311
Development,6,31,1712
Development,1,34,1028
Development,1,49,2788
Testing,5,49,3647
Development,4,35,3284
Testing,2,6,908
Testing,6,25,2559
Development,1,49,1977
Validation,1,36,563
Validation,4,38,2234
Development,1,33,4043
Analysis,2,27,4260
Testing,1,39,3314
Testing,2,15,2655
Testing,5,33,3575
Validation,4,22,1991
Analysis,4,27,4343
Testing,3,19,3087
Development,8,10,735
Analysis,7,45,3322
Development,9,20,3559
Validation,8,24,568
Validation,7,19,1316
Analysis,8,28,1016
Validation,5,39,2654
Validation,3,27,1010
Analysis,6,34,2638
Analysis,1,28,3068
Validation,6,48,4806
Testing,4,19,976
Analysis,9,43,4002
Analysis,1,10,3356
Validation,4,25,2122
Analysis,2,39,679
Testing,8,41,1233
Analysis,2,27,1358
Testing,5,8,3669
Development,5,41,3588
Validation,4,35,4840
Validation,1,13,2649
Testing,8,28,4219
Development,4,41,1742
Validation,9,45,2469
Analysis,1,15,2004
Testing,9,21,1695
Validation,5,22,3052
Testing,5,7,2077
Development,2,13,4925
Validation,8,18,1552
Validation,5,7,1038
Analysis,3,49,2707
Analysis,8,45,4406
Validation,3,48,2639
Testing,8,19,950
Development,8,23,4785
Analysis,6,34,2507
Development,6,22,4328
Validation,2,34,2593
Testing,7,13,4242
Testing,9,20,2675
Testing,4,28,4212
Development,4,21,2156
Validation,4,7,3022
Analysis,1,44,2694
Development,8,10,857
Development,9,27,4011
Development,9,12,2629
Validation,8,25,4642
Testing,3,7,4252
Analysis,1,38,507
Development,4,35,759
Analysis,3,23,4804
Development,9,45,954
Validation,1,5,864
Development,9,16,4987
Validation,8,27,1207
Testing,2,17,4803
Testing,2,29,4811
Validation,1,28,4852
Analysis,9,15,3624
Testing,3,8,4982
Analysis,5,33,1224
Validation,6,37,1423
Testing,7,10,1190
Development,1,18,4333
Validation,5,40,1720
Testing,4,15,4488
Analysis,2,24,1056
Testing,5,16,1900
Development,5,20,4272
Development,6,20,2773
Development,5,24,1700
Testing,5,14,1734
Testing,2,11,555
Development,2,10,3808
Development,9,39,1300
Validation,6,49,2699
Development,9,41,4530
Analysis,5,43,2644
Testing,7,30,4730
Analysis,7,33,1112
Testing,4,19,2093
Testing,7,8,2905
Development,3,18,1198
Validation,2,5,4771
Testing,8,35,3687
Development,3,36,4192
Validation,8,10,4757
Testing,9,41,1705
Analysis,2,34,2388
Testing,8,48,2539
Analysis,4,9,989
Validation,4,34,1884
Development,6,34,4759
Development,1,47,964
Validation,5,10,1993
Validation,7,31,4536
Testing,2,17,2594
Validation,2,6,2445
Development,7,9,4405
Testing,6,49,3592
Validation,5,27,3159
Testing,6,6,1902
Analysis,2,17,2012
Development,7,34,3955
Testing,3,40,3895
Analysis,9,32,2516
Validation,3,44,4961
Testing,1,43,2282
Analysis,1,18,4765
Development,1,30,3597
Analysis,5,26,4509
Validation,3,9,1783
Testing,3,14,4380
Development,7,37,1010
Testing,5,20,4457
Analysis,4,17,2093
Development,1,41,3444
Analysis,5,7,2830
Testing,8,18,3189
Validation,7,29,587
Validation,8,5,587
Analysis,3,33,1264
Analysis,3,24,3928
Testing,3,27,3252
Validation,6,8,2692
Testing,3,12,925
Development,3,46,1500
Development,9,35,4111
Development,5,46,1458
Testing,9,16,3857
Development,2,6,4729
Validation,3,12,1875
Analysis,6,12,4534
Validation,1,43,1367
Analysis,9,25,4109
Development,7,18,4781
Analysis,2,27,4650
Development,4,15,1220
Testing,5,33,3956
Testing,3,23,1448
Testing,3,26,3213
Validation,7,5,723
Development,7,17,4976
Analysis,3,32,740
Testing,4,49,2395
Validation,3,30,2916
Development,5,18,1718
Analysis,3,27,1142
Development,2,21,1006
Validation,7,26,3129
Analysis,7,49,3281
Analysis,8,16,1495
Development,9,44,1421
Testing,6,15,3364
Testing,2,6,4741
Validation,2,18,4585
Analysis,1,46,1820
Analysis,8,30,4510
Analysis,8,21,2032
Analysis,3,15,4387
Testing,2,8,1584
Development,6,19,2724
Testing,1,39,3154
Analysis,2,8,3753
Validation,4,11,3905
Analysis,1,35,1479
Development,6,45,2727
Validation,1,8,3247
Testing,9,38,4842
Validation,9,46,1470
Analysis,6,45,546
Development,1,12,4226
Validation,5,35,1069
Development,8,31,2510
Analysis,4,23,3775
Testing,4,46,799
Testing,2,15,2382
Validation,1,22,3598
Validation,1,29,3788
Analysis,2,43,3828
Validation,8,19,1801
Testing,3,40,1345
Validation,9,35,3285
Testing,4,25,1768
Development,9,37,2429
Development,4,23,4981
Validation,9,41,3832
Testing,3,23,1209
Testing,2,38,4616
Development,8,35,4707
Testing,1,23,2196
Testing,8,12,1133
Testing,3,41,3446
Development,5,13,3890
Validation,5,17,2408
Development,2,30,2609
Validation,5,9,2983
Validation,9,17,2280
Testing,5,30,4586
Analysis,8,16,3489
Validation,7,26,1523
Validation,3,17,2797
Development,9,28,3454
Development,1,20,4422
Development,7,21,1755
Validation,8,37,3135
Testing,8,37,2411
Analysis,3,33,2057
Testing,7,41,2524
Analysis,8,22,4519
Testing,5,17,4488
Validation,5,24,3788
Analysis,7,35,575
Analysis,6,39,4494
Analysis,5,39,3930
Validation,5,10,2936
Development,1,9,533
Testing,6,40,4306
Development,9,40,4197
Validation,1,43,2401
Testing,8,37,1287
Validation,6,43,3869
Development,1,21,1787
Testing,7,15,1497
Validation,6,41,3592
Development,4,8,3190
Validation,4,38,2073
Validation,5,45,2281
Development,6,48,4036
Testing,4,41,4933
Testing,3,49,3800
Validation,8,48,3464
Testing,4,48,1146
Analysis,8,27,515
Analysis,9,15,3946
Analysis,9,10,4210
Development,4,42,3059
Testing,8,29,1262
Analysis,4,19,2131
Analysis,5,46,800
Development,8,15,889
Testing,8,34,1592
Analysis,4,25,4978
Development,1,15,4066
Development,3,30,3130
Analysis,5,35,1857
Validation,8,32,2127
Analysis,8,25,1013
Analysis,1,44,2857
Development,9,9,2069
Analysis,9,27,1536
Analysis,9,16,3390
Development,9,47,535
Analysis,9,16,3083
Analysis,9,15,2800
Validation,2,15,4057
Development,1,13,1005
Analysis,8,49,657
Validation,5,37,3387
Analysis,2,24,511
Analysis,6,33,4340
Development,1,48,742
Validation,8,45,2022
Testing,4,38,1181
Testing,3,26,1456
Validation,2,27,2469
Validation,6,16,2774
Analysis,7,37,4156
Development,2,27,4741
Analysis,6,32,4797
Analysis,9,18,2046
Validation,9,38,2402
Analysis,6,5,1181
Analysis,3,15,3339
Development,7,39,4787
Testing,4,25,3870
Development,6,24,3110
Validation,7,43,3326
Testing,4,5,4481
Analysis,4,35,3356
Development,2,17,4625
Analysis,2,21,3999
Development,1,47,4715
Development,8,47,2202
Development,9,48,785
Analysis,6,43,4640
Development,7,30,3025
Validation,5,46,4444
Analysis,3,27,1516
Validation,6,35,1434
Development,2,15,3651
Validation,9,14,4697
Testing,5,36,678
Testing,1,23,882
Analysis,2,35,931
Validation,7,31,2551
Validation,7,40,1735
Development,5,16,2486
Testing,2,16,3226
Testing,6,15,2018
Testing,3,43,2788
Testing,1,10,4310
Validation,1,46,1403
Testing,1,23,3147
Development,2,46,2612
Testing,5,14,2003
Testing,4,27,3177
Validation,6,28,2871
Development,8,24,2752
Testing,6,38,1130
Testing,4,13,3191
Analysis,8,45,3329
Development,3,40,1581
Validation,8,6,3378
Testing,4,42,1239
Analysis,7,8,3892
Development,4,27,2848
Development,7,21,3070
Testing,2,25,2852
Analysis,5,40,4706
Validation,5,20,3428
Analysis,3,41,2008
Testing,7,6,1874
Testing,7,47,1839
Analysis,3,43,4936
Validation,2,20,2399
Analysis,9,37,4784
Validation,7,17,1043
Analysis,2,37,4441
Validation,4,28,1918
Analysis,1,29,2946
Development,7,43,3653
Development,4,42,1769
Validation,6,22,4161
Testing,8,37,2593
Validation,5,47,4899
Testing,2,40,3125
Testing,1,19,4819
Development,7,40,2518
Validation,5,32,634
Development,8,43,3919
Analysis,1,5,844
Testing,7,48,4224
Development,5,41,3052
Analysis,6,28,2775
Validation,1,24,1518
Testing,4,37,2317
Analysis,5,16,3346
Validation,6,15,3931
Testing,7,27,2629
Development,6,45,3268
Development,1,48,3616
Validation,7,47,4256
Development,7,32,1317
Analysis,9,5,4351
Testing,4,48,2485
Development,2,42,2540
Analysis,6,40,3890
Analysis,7,15,1156
Development,5,12,1568
Testing,3,8,1187
Validation,9,41,3389
Validation,6,21,3129
Analysis,5,45,3390
Analysis,2,20,962
Analysis,3,43,1275
Analysis,2,9,634
Testing,5,5,4047
Analysis,2,8,4194
Testing,7,32,2055
Analysis,7,36,1099
Validation,8,27,3087
Testing,6,20,4363
Analysis,8,21,1881
Testing,4,13,4233
Development,3,22,3101
Validation,3,37,4319
Analysis,1,26,1314
Development,6,36,4240
Development,8,36,4239
Analysis,8,39,4805
Testing,4,10,3587
Validation,8,34,1254
Testing,4,46,1474
Testing,5,29,2955
Development,7,27,4274
Validation,5,13,2880
Testing,5,15,1497
Testing,5,42,3041
Analysis,2,20,2310
Analysis,2,17,1423
Validation,7,21,1301
Testing,1,20,783
Development,6,22,3956
Development,7,46,2070
Development,9,31,3208
Validation,6,41,4332
Analysis,3,16,2139
Analysis,1,32,2637
Testing,6,48,1205
Validation,7,32,4086
Analysis,1,39,4592
Testing,5,39,3239
Testing,7,41,1459
Development,3,10,1312
Testing,4,48,3169
Analysis,2,45,4770
Testing,7,26,3442
Development,4,42,822
Validation,9,24,2228
Validation,3,40,4698
Analysis,8,8,2787
Analysis,2,34,1156
Testing,8,38,3315
Analysis,9,28,3378
Validation,2,25,2487
Validation,7,17,3936
Testing,2,47,4408
Development,1,46,4715
Validation,7,13,1982
Analysis,2,49,2049
Testing,8,5,3972
Validation,8,16,2241
Development,8,35,1821
Testing,9,24,3210
Testing,7,47,3153
Analysis,4,14,4504
Analysis,2,26,4303
Development,5,29,809
Development,3,44,3043
Development,1,8,3831
Analysis,6,48,1981
Analysis,8,41,1789
Analysis,1,9,721
Validation,7,17,2929
Validation,8,25,1759
Validation,3,46,3014
Testing,5,17,2172
Validation,3,6,3032
Development,9,20,1898
Development,6,37,4670
Validation,4,8,2293
Validation,2,33,4638
Development,7,26,1170
Analysis,4,43,1941
Testing,5,16,3453
Analysis,2,40,2396
Analysis,9,40,3277
Development,2,37,4330
Analysis,4,17,1933
Validation,1,14,4665
Testing,4,32,2202
Development,5,43,2786
Analysis,1,14,1520
Analysis,7,35,4342
Validation,4,30,717
Development,8,27,1040
Development,3,6,2302
Analysis,1,30,2625
Analysis,2,14,3632
Development,6,40,1330
Validation,6,49,2234
Testing,6,10,3569
Testing,1,24,2886
Testing,1,18,2857
Development,9,5,4872
Testing,3,46,4041
Validation,6,26,3537
Validation,3,15,2065
Validation,9,32,2396
Testing,2,29,2235
Analysis,5,15,2487
Analysis,3,24,645
Testing,3,15,2604
Validation,7,34,818
Validation,7,14,1177
Validation,7,31,3057
Testing,7,5,2859
Analysis,8,47,1926
Development,2,49,2130
Analysis,1,46,1954
Validation,3,15,3591
Validation,3,13,1605
Analysis,3,26,3389
Analysis,6,49,1299
Validation,8,6,4795
Validation,6,43,4336
Testing,7,45,1158
Testing,5,10,1070
Testing,5,7,4014
Testing,1,18,1119
Analysis,7,13,3249
Analysis,4,27,1751
Analysis,4,38,4296
Analysis,1,36,1524
Analysis,4,17,4610
Testing,2,23,3756
Development,1,11,1158
Validation,8,48,825
Analysis,6,36,3905
Analysis,7,32,2149
Validation,1,9,993
Analysis,6,30,3290
Analysis,3,10,4966
Validation,3,17,3994
Testing,4,44,4020
Validation,5,42,1509
Development,7,38,3049
Validation,7,10,4275
Testing,7,17,1899
Development,3,49,1004
Development,2,45,2428
Validation,2,37,3800
Analysis,4,40,1570
Validation,3,47,2931
Testing,5,27,4342
Analysis,4,11,2133
Testing,8,40,3010
Development,1,49,4725
Development,8,26,4423
Analysis,7,18,4629
Analysis,2,32,4016
Analysis,9,14,3729
Development,5,34,4092
Testing,8,23,1378
Development,4,49,3599
Testing,8,8,2991
Analysis,8,8,3462
Analysis,6,12,4460
Testing,3,23,614
Testing,8,16,541
Testing,8,25,4504
Validation,9,36,938
Testing,8,37,3354
Analysis,3,45,2671
Development,5,41,756
Analysis,1,29,3315
Testing,7,7,2647
Testing,3,34,4529
Development,1,34,1881
Analysis,7,33,2278
Development,5,35,2641
Validation,5,35,823
Development,5,33,3027
Testing,8,26,836
Validation,8,22,3903
Testing,6,45,1337
Validation,7,47,4728
Validation,5,40,624
Validation,2,12,4114
Validation,2,12,1281
Analysis,9,25,1635
Development,6,18,3206
Analysis,9,19,999
Testing,1,18,4000
Analysis,7,30,1940
Testing,8,9,559
Development,9,44,2630
Validation,7,29,2102
Testing,1,14,1438
Testing,1,35,2772
Development,9,44,2597
Validation,2,21,3733
Analysis,7,33,795
Analysis,2,46,4400
Validation,3,23,2290
Testing,7,8,1049
Testing,2,30,3730
Testing,6,27,2570
Validation,6,32,2304
Testing,8,43,2160
Validation,4,26,2154
Analysis,4,48,4551
Testing,2,11,3406
Validation,2,24,2819
Development,4,22,1308
Development,7,18,1676
Validation,5,21,3867
Development,2,15,1948
Testing,9,22,512
Analysis,3,46,2973
Development,3,16,2726
Validation,6,28,1229
Validation,7,8,2247
Validation,2,41,3886
Testing,5,28,2792
Analysis,6,42,918
Development,3,30,2456
Validation,9,26,4517
Testing,7,10,4450
Validation,6,43,4699
Validation,5,40,3980
Development,6,16,4932
Development,8,24,2342
Analysis,3,19,4279
Analysis,9,19,2779
Development,4,31,1992
Analysis,1,30,612
Testing,3,30,4746
Development,1,11,1172
Testing,7,37,3881
Development,7,19,1175
Validation,7,41,3017
Development,8,21,1439
Development,5,27,3981
Validation,4,21,3006
Development,6,46,1655
Development,1,18,1189
Testing,4,40,2477
Testing,2,20,4865
Analysis,7,35,2347
Validation,9,27,2811
Validation,3,48,825
Testing,1,19,3122
Testing,2,10,4060
Analysis,8,47,2414
Testing,2,44,1231
Development,2,18,2717
Testing,7,25,1598
Development,2,41,3824
Development,3,24,1943
Analysis,8,36,2467
Validation,9,37,3151
Testing,2,36,2439
Validation,2,16,2359
Analysis,6,24,2455
Development,5,41,2535
Testing,7,14,3520
Development,8,30,4062
Testing,3,30,2730
Development,4,38,4120
Analysis,4,48,2847
Testing,2,28,2678
Analysis,5,35,1029
Development,4,39,3266
Testing,8,45,3552
Validation,6,42,2767
Analysis,9,33,1525
Analysis,6,21,4683
Development,3,28,2920
Development,8,17,4490
Testing,3,13,1211
Development,1,44,3576
Testing,2,20,1189
Development,9,21,552
Testing,2,32,3818
Testing,4,45,3299
Development,4,42,1575
Validation,7,5,2256
Testing,3,22,1005
Validation,5,10,3713
Validation,4,6,3025
Validation,5,29,2454
Development,8,27,944
Analysis,1,20,4211
Development,6,18,1483
Testing,2,48,3338
Testing,3,18,2790
Development,5,18,1552
Testing,5,17,1807
Validation,4,34,2935
Validation,7,42,1279
Validation,4,46,2659
Testing,4,26,4951
Analysis,6,29,3920
Analysis,3,34,1548
Validation,8,17,3067
Development,6,44,2669
Validation,6,36,4905
Validation,5,35,2542
Analysis,8,41,4480
Development,2,22,2610
Testing,8,18,2832
Testing,9,46,1064
Development,3,22,2717
Validation,1,25,504
Analysis,2,22,4717
Development,8,19,1219
Development,8,28,2837
Validation,4,6,2319
Testing,2,49,3813
Validation,6,35,3414
Testing,6,48,1935
Testing,8,47,2523
Validation,4,16,1968
Validation,9,22,1503
Testing,3,30,2490
Testing,2,31,1360
Development,7,49,554
Testing,9,14,4237
Validation,1,13,514
Development,9,22,2251
Validation,6,36,4086
Development,4,6,1147
Testing,1,22,1445
Analysis,6,43,1597
Analysis,8,36,3880
Analysis,5,29,3255
Testing,5,21,601
Validation,4,28,652
Analysis,2,17,2478
Development,8,19,698
Testing,4,26,2626
Testing,1,8,4774
Development,2,43,637
Validation,4,47,864
Analysis,8,21,1764
Analysis,7,43,1156
Testing,9,33,3824
Validation,7,45,3372
Validation,6,33,3782
Development,5,24,4842
Analysis,8,11,1349
Testing,7,31,766
Testing,7,38,1695
Analysis,7,40,2742
Development,5,18,3146
Testing,2,19,3780
Testing,6,43,833
Development,5,13,1052
Validation,8,15,2937
Testing,1,8,2908
Validation,7,9,4083
Testing,7,41,2398
Development,7,7,2284
Development,7,23,1343
Analysis,2,7,2892
Testing,6,44,3489
Development,1,5,1503
Testing,9,31,3319
Development,6,48,2294
Testing,2,31,1669
Validation,2,13,753
Testing,4,30,2345
Validation,1,38,2685
Development,1,29,2170
Testing,3,25,2099
Development,3,47,3411
Analysis,2,35,737
Testing,2,31,4689
Validation,9,28,4963
Testing,2,40,639
Analysis,3,44,1504
Testing,8,46,3517
Analysis,5,44,1565
Analysis,4,44,1302
Development,2,33,4127
Development,9,37,2479
Testing,5,20,1911
Testing,5,25,3675
Analysis,2,41,3978
Analysis,6,33,4158
Testing,2,23,2886
Analysis,7,36,1397
Testing,5,6,4242
Testing,6,28,3481
Analysis,6,20,4211
Validation,2,32,801
Testing,6,6,4370
Development,2,20,4831
Analysis,5,31,4012
Testing,3,44,2402
Development,6,8,758
Development,7,39,1797
Analysis,6,48,2892
Development,3,23,4342
Validation,9,16,1745
Validation,8,38,3439
Development,8,35,3952
Analysis,8,49,3588
Development,1,47,3456
Validation,4,22,2610
Validation,2,33,1702
Validation,1,7,2768
Validation,4,34,4592
Validation,5,36,2007
Testing,4,36,3202
Testing,7,44,701
Testing,8,43,3863
Development,8,5,2239
Testing,6,47,1527
Validation,8,36,4361
Testing,1,31,4920
Testing,4,24,2138
Development,5,46,1506
Testing,2,27,3630
Testing,1,10,1657
Testing,2,5,2230
Development,1,27,1723
Testing,7,6,3708
Validation,4,31,3553
Testing,5,25,2467
Development,3,10,2951
Validation,6,38,4540
Analysis,4,18,2787
Validation,3,44,3328
Analysis,2,19,4807
Development,6,49,2318
Development,8,24,4114
Analysis,3,41,1031
Analysis,4,27,3411
Analysis,3,16,900
Testing,5,35,1391
Testing,6,10,1142
Analysis,3,24,3206
Testing,3,39,3634
Validation,5,43,783
Development,6,24,683
Validation,6,46,1508
Analysis,8,9,1634
Development,8,13,3263
Validation,9,44,4382
Analysis,2,46,3297
Validation,4,9,1985
Development,5,38,4760
Analysis,3,13,3008
Testing,3,48,4934
Testing,3,42,1806
Validation,6,40,980
Validation,3,13,3608
Testing,5,42,4596
Development,2,14,2956
Validation,4,37,3947
Development,1,28,4410
Validation,4,42,3690
Testing,5,5,2888
Testing,5,48,3053
Validation,3,42,1651
Development,2,43,1672
Testing,6,47,531
Testing,6,30,3356
Analysis,4,17,2829
Analysis,8,49,729
Development,3,19,3750
Analysis,6,39,1502
Testing,3,45,1568
Validation,2,49,2415
Testing,6,22,4553
Testing,3,33,2387
Testing,8,7,3555
Testing,8,37,1213
Testing,7,13,979
Analysis,7,5,3167
Validation,4,18,4402
Analysis,4,8,984
Testing,3,47,886
Validation,9,6,4856
Development,3,44,3763
Testing,1,6,3331
Analysis,1,31,583
Development,3,40,4232
Validation,1,17,3089
Development,2,10,4213
Validation,6,19,4503
Validation,1,5,2268
Validation,5,36,4014
Testing,8,22,4882
Validation,4,44,2464
Development,7,33,4325
Testing,6,25,2110
Development,5,5,1599
Analysis,4,12,3609
Validation,9,20,1167
Development,3,46,2431
Development,5,18,1579
Analysis,8,25,3740
Analysis,8,19,4374
Testing,3,6,917
Validation,6,39,3801
Development,8,32,3860
Analysis,6,33,2161
Analysis,9,41,2292
Analysis,6,11,3322
Development,3,32,4929
Testing,5,31,2978
Testing,8,30,1044
Development,5,26,693
Development,1,25,2301
Analysis,6,16,3257
Development,9,43,1454
Analysis,5,38,1815
Validation,6,18,2432
Validation,2,16,2235
Validation,6,30,3672
Analysis,3,17,4647
Development,6,36,1508
Analysis,4,46,4827
Validation,5,40,1863
Development,8,13,2868
Validation,9,35,1588
Testing,5,30,4193
Validation,6,10,3945
Analysis,5,48,4958
Analysis,3,9,3123
Testing,3,37,1653
Analysis,8,8,749
Development,3,9,2123
Development,3,19,1877
Validation,3,39,2664
Analysis,8,39,842
Development,2,15,3634
Validation,2,44,4566
Validation,8,22,3242
Testing,2,47,4082
Validation,5,32,1776
Validation,8,47,620
Analysis,9,6,1478
Development,9,28,4438
Development,4,12,4403
Testing,4,46,2055
Development,6,31,3396
Development,1,6,585
Analysis,4,34,3389
Development,9,11,3387
Validation,3,23,1146
Development,8,19,3443
Analysis,7,21,3880
Validation,5,15,2813
Testing,2,39,3679
Testing,8,42,2468
Development,8,46,4688
Testing,4,19,3441
Analysis,3,9,2789
Development,2,8,1841
Development,4,47,2551
Development,8,14,4367
Testing,9,22,3487
Validation,2,40,4959
Testing,1,34,2652
Testing,5,45,1467
Testing,9,17,3351
Testing,5,14,3598
Development,1,10,1406
Development,4,25,3230
Development,8,18,2910
Validation,3,12,4983
Analysis,7,25,4349
Testing,5,6,4338
Testing,3,24,3949
Development,4,46,4760
Testing,1,36,4607
Validation,8,6,4267
Validation,9,22,3241
Testing,4,37,2551
Validation,5,45,511
Analysis,5,38,911
Testing,3,39,834
Development,3,10,2165
Testing,8,24,1264
Validation,9,46,2172
Validation,7,47,537
Validation,1,42,2121
Testing,5,37,4716
Development,4,9,2331
Testing,2,48,2322
Development,9,15,1049
Analysis,2,27,1082
Validation,4,7,954
Analysis,5,25,4526
Testing,3,23,2501
Analysis,6,19,2331
Development,7,16,3882
Testing,2,8,525
Validation,4,37,3001
Validation,2,9,4781
Development,8,7,4602
Testing,3,31,1469
Analysis,5,18,1068
Analysis,9,47,3604
Development,7,11,2330
Analysis,9,37,3919
Analysis,4,41,1922
Development,7,18,1610
Development,7,21,4626
Analysis,6,46,2091
Validation,4,26,3252
Validation,5,33,1569
Testing,4,43,4520
Development,7,38,3797
Validation,2,48,2636
Analysis,2,7,4232
Analysis,1,32,3844
Analysis,3,42,1840
Development,3,7,3486
Development,5,5,2391
Validation,6,42,820
Analysis,4,14,1047
Validation,3,6,2276
Testing,9,43,2640
Testing,7,15,2455
Validation,1,5,4655
Development,7,43,1741
Analysis,3,21,2010
Testing,8,12,1181
Analysis,4,43,897
Analysis,5,44,3188
Testing,9,9,2186
Validation,5,45,1053
Development,9,36,970
Analysis,7,11,639
Development,7,31,2128
Analysis,7,28,3449
Testing,4,30,2394
Analysis,7,41,4530
Analysis,3,11,1483
Analysis,6,40,3109
Development,2,43,2246
Analysis,1,19,681
Development,6,39,2518
Analysis,5,40,3364
Validation,2,25,2145
Analysis,6,14,2969
Analysis,2,9,1666
Analysis,4,40,1582
Validation,9,15,4729
Development,4,15,1512
Validation,3,12,4744
Testing,7,34,3789
Development,3,12,894
Analysis,7,22,4778
Analysis,5,26,668
Development,4,41,2397
Development,4,11,662
Analysis,6,40,1963
Testing,9,21,4869
Testing,1,15,914
Validation,6,38,3060
Validation,2,45,3980
Analysis,4,46,4000
Validation,4,11,4373
Validation,6,29,4560
Testing,1,31,4751
Validation,5,46,1707
Testing,3,39,1568
Development,6,34,1168
Validation,9,34,4751
Testing,6,9,2643
Testing,6,47,685
Analysis,1,6,3465
Validation,2,49,834
Validation,4,8,1348
Validation,4,30,3864
Development,2,37,3049
Testing,4,37,4191
Validation,9,23,2302
Testing,1,33,657
Testing,6,29,3216
Analysis,2,16,3129
Development,5,38,4609
Validation,1,21,1748
Development,2,46,3236
Development,6,16,2656
Analysis,3,37,3795
Validation,7,35,4376
Development,1,24,4964
Analysis,3,49,813
Validation,9,48,3406
Testing,4,41,1022
Validation,1,22,1202
Analysis,4,13,1947
Analysis,6,39,2520
Analysis,4,45,2216
Validation,3,38,4818
Testing,5,34,1169
Analysis,3,7,4612
Validation,5,8,972
Validation,2,32,1135
Testing,8,33,4308
Development,4,8,586
Testing,5,36,1562
Validation,5,12,798
Validation,2,11,4087
Development,2,48,4069
Testing,9,14,2540
Validation,5,43,4400
Validation,8,6,1682
Analysis,3,15,3633
Analysis,7,23,3591
Validation,7,22,2191
Validation,5,40,3653
Development,8,35,4460
Development,6,11,4024
Validation,2,31,4919
Analysis,9,14,3894
Validation,9,22,3353
Development,6,19,4885
Testing,5,34,4812
Analysis,9,31,3765
Testing,1,29,3810
Testing,9,35,2024
Validation,7,20,3006
Analysis,7,5,971
Testing,2,26,4073
Validation,9,27,4869
Analysis,8,6,1862
Validation,9,18,3533
Analysis,2,49,3222
Development,9,37,3146
Validation,2,17,3510
Development,8,6,3949
Testing,8,34,4047
Testing,4,17,2338
Development,5,5,4775
Testing,3,38,2183
Testing,4,32,1983
Testing,3,7,4636
Analysis,5,49,4692
Development,6,11,3917
Development,8,11,1325
Development,2,41,3393
Development,9,45,2345
Development,1,27,651
Development,6,41,3491
Development,1,15,3888
Testing,4,36,3139
Testing,1,45,2798
Testing,7,15,1071
Testing,8,5,1839
Testing,3,6,4432
Analysis,4,25,2405
Validation,9,20,3463
Testing,4,25,3759
Development,2,16,4819
Testing,9,21,3864
Development,6,12,1772
Validation,7,40,4630
Development,3,49,3727
Validation,2,5,583
Validation,2,13,1623
Testing,4,23,3945
Validation,9,45,2362
Testing,8,5,1827
Development,2,38,1271
Testing,6,32,2906
Analysis,7,16,1970
Analysis,1,16,3616
Development,3,34,4065
Validation,3,34,938
Development,1,45,1534
Testing,8,26,959
Validation,3,32,4244
Analysis,9,15,2369
Analysis,3,26,2866
Validation,7,45,4264
Development,4,9,3415
Testing,6,30,3306
Development,8,48,1717
Validation,7,29,920
Validation,2,45,2623
Analysis,4,5,962
Development,7,24,3332
Analysis,8,20,4788
Testing,9,33,2023
Validation,8,48,801
Testing,4,32,3409
Testing,2,31,4934
Testing,3,8,4324
Analysis,5,42,1840
Development,1,31,4524
Validation,3,13,3976
Analysis,1,35,3233
Analysis,3,19,1855
Development,1,21,4701
Development,5,5,553
Analysis,4,37,1406
Analysis,5,29,1565
Testing,5,22,3124
Validation,4,25,4184
Testing,1,14,4854
Analysis,5,48,1126
Validation,4,16,970
Development,3,27,4419
Testing,4,48,2707
Testing,8,19,2790
Validation,9,46,3350
Testing,1,13,570
Testing,9,7,2386
Analysis,4,46,1064
Development,2,39,1848
Development,7,10,4378
Validation,3,16,1281
Testing,8,44,1314
Validation,6,44,3661
Development,4,25,2032
Analysis,5,9,4838
Validation,5,5,4920
Analysis,3,39,4461
Validation,2,29,4039
Testing,1,19,4792
Testing,5,18,4331
Analysis,9,36,652
Testing,1,37,3408
Testing,4,10,1429
Validation,3,33,2786
Validation,4,24,555
Development,1,43,4297
Validation,6,44,1731
Development,7,48,4582
Development,4,21,4704
Development,3,23,654
Analysis,3,42,1488
Development,8,14,1844
Testing,7,27,923
Development,8,39,609
Development,2,15,4589
Analysis,3,27,2245
Analysis,6,36,1389
Development,9,43,1936
Analysis,9,44,2483
Development,2,11,3243
Analysis,8,32,4338
Analysis,1,13,4529
Development,1,46,4199
Analysis,1,8,3058
Testing,3,29,2476
Testing,7,19,1935
Validation,5,8,953
Testing,8,13,3157
Development,3,17,1380
Testing,6,32,1219
Development,6,49,3367
Testing,9,8,1453
Development,7,36,4846
Validation,6,46,4577
Validation,7,26,1000
Validation,7,26,2186
Analysis,9,20,1284
Validation,7,30,4444
Development,3,5,4801
Testing,3,47,866
Validation,5,31,3095
Development,6,27,4150
Development,5,18,1514
Testing,6,49,2686
Analysis,5,33,665
Testing,1,26,1578
Analysis,9,42,2437
Development,4,13,2001
Validation,5,17,3627
Testing,6,18,3258
Testing,1,37,735
Development,3,9,2422
Validation,3,10,2520
Analysis,1,34,1336
Development,3,16,1945
Analysis,3,9,803
Validation,8,11,791
Validation,6,33,3604
Analysis,4,16,2508
Validation,8,22,1067
Analysis,7,21,2549
Testing,2,6,916
Analysis,5,22,1028
Analysis,9,18,1806
Analysis,2,30,1410
Analysis,1,30,3676
Testing,3,23,3456
Development,5,38,4372
Development,3,13,4164
Validation,6,46,2340
Development,5,42,2817
Analysis,2,30,1513
Testing,8,28,524
Development,6,29,2743
Analysis,7,43,3343
Validation,7,19,2268
Analysis,6,28,2293
Analysis,2,49,1392
Analysis,1,40,555
Validation,9,31,659
Analysis,6,31,4481
Development,1,33,4749
Analysis,1,34,940
Development,9,7,3338
Testing,2,36,1628
Analysis,2,30,1729
Validation,9,32,3737
Analysis,2,48,3046
Validation,7,27,3681
Validation,2,24,3983
Analysis,5,38,4278
Testing,6,31,1679
Analysis,5,31,2903
Validation,7,36,1910
Analysis,3,43,4094
Development,6,10,2220
Testing,7,46,3732
Testing,6,5,4366
Validation,1,29,2603
Testing,4,29,2384
Validation,8,44,4109
Validation,8,21,2717
Development,3,43,617
Development,6,40,1611
Validation,6,17,1036
Analysis,4,37,1804
Analysis,9,15,2501
Testing,4,5,3011
Development,5,26,1881
Testing,3,24,2106
Testing,3,18,2063
Development,6,43,3676
Development,4,10,1896
Validation,7,35,2603
Testing,9,11,1468
Validation,5,13,878
Development,1,13,2027
Analysis,4,18,4714
Development,3,30,3383
Validation,4,39,1903
Validation,9,30,927
Analysis,8,17,3125
Development,6,29,2909
Validation,7,24,1498
Development,1,15,855
Validation,1,48,4703
Testing,4,27,2585
Testing,5,34,2990
Validation,4,26,3824
Testing,9,42,1000
Validation,4,40,3513
Development,2,48,4361
Validation,8,46,3888
Validation,3,22,2681
Analysis,6,11,931
Validation,9,27,2757
Testing,3,44,4141
Testing,2,27,1707
Validation,9,45,804
Validation,3,9,4462
Development,2,13,3127
Validation,3,19,3921
Development,1,38,4389
Development,3,12,4493
Validation,7,35,2542
Analysis,5,31,1586
Development,8,46,3824
Validation,2,37,3865
Validation,3,46,2199
Development,1,46,2539
Validation,7,39,3486
Analysis,1,33,4014
Analysis,1,6,4079
Development,7,35,2714
Analysis,5,26,3366
Development,6,21,4161
Testing,7,9,2810
Development,2,24,2801
Testing,4,26,4744
Analysis,4,26,4050
Validation,3,39,3966
Validation,1,26,3778
Testing,1,46,2831
Validation,6,30,2414
Validation,1,29,2535
Testing,5,37,1122
Testing,5,27,4594
Analysis,8,42,2120
Analysis,5,25,1580
Development,1,10,4217
Analysis,8,41,1349
Development,6,38,3684
Testing,8,27,1061
Development,4,22,4469
Validation,9,23,2755
Analysis,3,7,3321
Testing,6,17,2697
Development,1,17,2638
Testing,7,12,2294
Development,5,21,3053
Analysis,5,26,2595
Validation,5,5,2975
Validation,3,37,3947
Analysis,9,6,2242
Testing,4,37,2665
Development,7,28,2935
Testing,3,21,1194
Testing,7,36,1484
Testing,5,33,3741
Analysis,9,31,2426
Validation,8,38,2713
Validation,5,41,1364
Validation,5,20,4631
Testing,9,31,3099
Validation,5,38,1615
Validation,7,47,4814
Analysis,3,5,1920
Testing,8,38,2262
Analysis,3,5,4979
Analysis,6,41,4520
Validation,9,41,3750
Analysis,1,15,1449
Testing,6,18,1870
Testing,6,36,828
Testing,1,9,2780
Validation,9,7,3989
Testing,5,41,3991
Development,8,45,2905
Development,9,38,4671
Analysis,2,31,2042
Analysis,9,28,4805
Testing,6,18,2481
Validation,3,44,4153
Testing,3,13,3470
Analysis,2,21,1064
Testing,1,17,4596
Development,2,11,3073
Development,1,33,3436
Development,2,32,1213
Development,2,45,1942
Development,2,13,2707
Analysis,1,5,1816
Testing,6,31,4750
Validation,8,44,3507
Development,9,40,2390
Testing,4,6,3121
Testing,9,25,693
Validation,5,19,2080
Analysis,7,25,3449
Analysis,9,27,2318
Analysis,5,19,3242
Analysis,3,7,3038
Testing,6,29,3357
Validation,2,37,3448
Testing,1,24,2014
Development,1,25,3823
Testing,4,7,1117
Testing,5,30,2558
Development,5,32,1982
Validation,9,39,3636
Analysis,9,18,2462
Validation,5,5,3434
Testing,1,22,4022
Analysis,9,11,1190
Development,4,47,1264
Development,5,32,2148
Development,9,24,1703
Development,7,14,2540
Validation,7,13,4892
Testing,9,43,1334
Analysis,6,33,3395
Validation,5,48,3491
Development,3,25,1494
Validation,5,27,717
Analysis,6,38,1327
Testing,2,37,1513
Testing,5,27,1244
Validation,8,22,1908
Testing,5,13,3930
Analysis,7,28,3200
Validation,7,23,2121
Analysis,6,25,4897
Validation,6,36,3703
Validation,4,40,2990
Analysis,7,5,3805
Development,2,36,4767
Analysis,3,36,714
Validation,5,9,4027
Development,5,46,2139
Testing,5,10,546
Testing,6,17,2697
Validation,4,46,3699
Validation,2,46,2643
Testing,5,21,2779
Validation,2,43,3800
Analysis,4,5,1925
Testing,2,14,2505
Testing,5,19,4551
Validation,5,25,1405
Development,1,13,2440
Validation,7,40,2061
Analysis,8,40,1337
Testing,8,48,1724
Testing,3,14,1412
Validation,2,31,1382
Testing,4,7,1676
Validation,8,42,2244
Analysis,3,19,2501
Validation,5,43,4695
Validation,8,32,3197
Validation,1,20,572
Development,6,5,3490
Development,8,7,708
Validation,8,11,2820
Validation,3,45,4620
Testing,9,23,3331
Testing,4,27,3683
Analysis,6,15,918
Testing,9,31,4623
Testing,8,15,817
Validation,2,46,503
Validation,8,32,2928
Development,7,14,4317
Validation,2,33,2334
Development,4,12,3965
Analysis,9,14,654
Testing,8,7,657
Development,5,17,2081
Development,6,48,1846
Development,6,45,1705
Development,6,40,4508
Analysis,5,25,2234
Development,3,24,1106
Development,1,22,4011
Testing,1,41,1497
Development,3,48,3864
Validation,8,44,697
Validation,5,38,660
Testing,6,19,3906
Validation,2,34,3628
Development,4,42,2843
Testing,2,49,1923
Analysis,3,22,2690
Analysis,4,44,1462
Validation,9,40,681
Development,3,44,4976
Analysis,6,38,1587
Analysis,7,29,2036
Testing,8,47,701
Development,9,22,706
Development,1,22,3376
Testing,4,29,4884
Validation,3,22,1326
Development,6,14,2806
Analysis,6,33,3877
Testing,7,9,4467
Development,9,27,1190
Development,3,22,3677
Testing,3,38,4538
Testing,6,37,979
Validation,6,10,3483
Development,1,29,506
Analysis,5,9,2607
Validation,9,29,4175
Validation,1,15,2799
Development,7,34,2701
Validation,8,8,654
Validation,7,17,520
Testing,8,36,3893
Development,2,19,2397
Analysis,5,31,641
Analysis,6,9,3075
Development,4,11,1348
Analysis,1,21,1622
Validation,8,40,3639
Testing,4,39,4442
Validation,5,38,990
Analysis,6,37,1427
Validation,9,42,4290
Validation,6,29,3040
Validation,2,30,2269
Validation,1,39,1979
Analysis,5,12,3911
Testing,5,36,4777
Development,7,26,2042
Testing,5,5,4605
Testing,9,12,4749
Validation,2,11,1490
Analysis,6,35,3228
Testing,4,14,1560
Validation,3,33,2180
Analysis,5,37,1180
Analysis,7,15,4312
Validation,2,11,1744
Validation,4,27,2678
Testing,1,6,3869
Validation,8,24,986
Testing,3,45,2940
Testing,6,28,3547
Analysis,6,23,4059
Testing,8,42,4654
Validation,7,16,3676
Testing,6,30,1920
Development,6,42,4613
Development,8,8,4953
Testing,5,19,787
Analysis,9,22,3537
Development,7,13,4033
Development,3,11,4146
Analysis,4,35,4403
Validation,1,17,3740
Validation,6,26,1030
Validation,1,27,1289
Validation,9,47,2574
Development,2,22,3051
Analysis,9,49,3880
Validation,2,38,4626
Testing,2,10,3364
Analysis,6,11,3434
Validation,6,18,2425
Analysis,8,45,4107
Testing,9,16,4163
Development,6,36,2594
Testing,5,25,3787
Development,3,18,3361
Testing,3,41,3171
Development,9,47,3072
Validation,6,36,1358
Validation,1,41,3334
Analysis,7,13,1379
Testing,7,10,2740
Development,8,26,2576
Validation,3,10,1387
Development,5,14,4818
Validation,2,46,2959
Development,3,21,1509
Development,9,18,1514
Testing,4,39,2548
Development,1,16,1588
Testing,6,6,1701
Analysis,4,5,1847
Testing,1,35,3900
Testing,5,12,1781
Testing,1,36,3736
Development,1,12,4323
Development,4,41,2011
Analysis,7,48,4121
Testing,6,18,4021
Testing,7,46,2071
Testing,8,20,908
Development,8,27,4073
Analysis,5,40,4812
Validation,2,39,4314
Analysis,4,24,1694
Validation,6,24,2013
Validation,7,42,2324
Testing,3,14,2859
Analysis,6,45,1810
Analysis,1,5,2745
Development,7,9,4364
Development,3,17,1249
Validation,8,28,2793
Analysis,5,6,1473
Testing,3,41,2896
Testing,4,47,2670
Development,7,15,2124
Analysis,1,30,643
Analysis,2,19,3189
Testing,5,21,4251
Testing,6,17,4894
Analysis,8,43,3878
Development,2,39,4507
Testing,8,20,815
Testing,6,46,2918
Validation,8,33,2759
Development,9,13,2362
Development,5,42,3190
Analysis,4,45,792
Development,9,25,2297
Testing,4,13,1993
Validation,9,33,2302
Development,2,10,1033
Testing,4,16,3420
Testing,2,22,2044
Validation,1,13,4906
Validation,6,31,1129
Development,1,8,683
Analysis,5,48,4106
Validation,2,35,2017
Testing,2,45,2576
Analysis,8,42,4652
Development,1,38,4538
Testing,6,27,2952
Validation,7,30,739
Development,4,32,3592
Analysis,1,26,1773
Analysis,4,40,1389
Validation,2,25,2511
Analysis,5,45,3453
Development,2,10,2770
Testing,1,39,4420
Testing,4,38,3974
Analysis,1,30,4443
Development,2,15,3105
Development,8,27,1877
Analysis,4,29,3102
Testing,7,23,4046
Development,4,28,3838
Analysis,9,36,2812
Testing,1,27,1379
Development,8,13,4165
Development,3,11,1814
Validation,8,29,3405
Validation,5,35,3569
Development,7,6,2001
Analysis,5,12,4236
Analysis,7,15,1720
Analysis,1,46,2608
Development,4,16,4866
Validation,9,14,1155
Development,6,26,1467
Testing,8,35,4598
Validation,2,43,3428
Testing,2,26,2473
Analysis,3,34,2270
Development,5,36,3947
Analysis,1,38,1291
Validation,8,23,2367
Validation,7,12,1779
Testing,5,44,4254
Development,5,44,944
Testing,8,30,3537
Development,1,13,3138
Testing,7,39,4264
Testing,7,10,2137
Testing,8,36,1880
Testing,9,32,4315
Validation,6,49,4713
Analysis,4,20,1413
Development,9,17,4687
Development,6,44,2662
Testing,5,30,2515
Development,4,21,3513
Analysis,5,17,1143
Validation,7,21,893
Development,2,34,1661
Validation,1,24,2490
Development,6,24,2830
Validation,4,37,2309
Development,7,6,4951
Analysis,2,23,4881
Analysis,3,19,753
Testing,6,39,4005
Development,7,36,4672
Validation,2,48,3641
Testing,6,13,797
Validation,9,13,4654
Testing,2,17,2685
Analysis,8,23,824
Testing,7,16,3585
Development,8,11,3434
Testing,7,29,4501
Testing,8,37,2772
Testing,5,15,1681
Testing,8,12,2025
Validation,4,5,1726
Testing,3,22,781
Development,2,43,4973
Validation,9,48,822
Testing,2,49,3526
Testing,1,34,3502
Validation,6,32,971
Analysis,3,41,4275
Development,3,31,4269
Development,6,17,1883
Analysis,9,26,2734
Testing,1,34,4974
Analysis,2,49,2319
Validation,2,5,3448
Validation,3,6,2705
Development,1,9,1834
Testing,4,33,2419
Analysis,2,49,3774
Development,6,42,1354
Development,3,30,2723
Validation,3,31,1324
Analysis,2,38,4710
Testing,9,47,590
Development,8,47,1298
Testing,1,40,4960
Development,2,15,3488
Validation,6,23,3636
Development,6,14,536
Analysis,4,41,4628
Validation,3,28,802
Validation,5,32,1421
Validation,4,31,4715
Testing,6,21,1394
Validation,5,36,1038
Validation,7,23,3480
Development,3,11,3712
Development,3,13,3425
Development,9,5,2652
Analysis,2,16,2021
Validation,9,14,4592
Validation,5,9,4939
Validation,1,7,4787
Development,3,12,2712
Testing,8,33,3734
Analysis,2,31,2158
Development,9,9,3480
Testing,8,5,4141
Analysis,9,5,1451
Analysis,3,17,2920
Validation,7,18,2409
Analysis,9,23,3904
Validation,6,22,4619
Validation,2,49,3385
Analysis,8,10,4140
Validation,3,21,3877
Validation,7,16,4103
Testing,8,33,3057
Development,1,42,3397
Testing,5,43,1975
Validation,4,41,1526
Development,2,34,1046
Development,3,36,2196
Development,2,10,3229
Analysis,6,42,3157
Validation,7,31,4756
Validation,7,24,513
Testing,5,43,2706
Development,5,8,3214
Validation,8,27,3132
Development,1,41,3473
Validation,7,31,982
Development,8,45,2713
Validation,5,46,1832
Testing,5,42,4425
Analysis,2,37,3358
Testing,1,34,2856
Testing,5,47,4604
Development,3,32,4375
Development,7,39,4651
Validation,3,40,743
Testing,9,38,1987
Development,4,49,529
Testing,8,24,4734
Development,5,37,2937
Testing,3,49,2460
Analysis,2,14,1941
Testing,3,21,2598
Development,8,33,3188
Testing,3,24,2119
Development,3,30,2856
Analysis,8,44,1781
Development,8,42,3302
Development,7,49,3912
Analysis,2,43,1988
Testing,7,15,2386
Testing,7,33,691
Testing,3,33,3170
Development,8,8,3590
Validation,8,35,1131
Validation,2,24,1159
Validation,9,28,1696
Testing,6,44,912
Development,1,21,512
Development,2,21,2675
Testing,4,36,3512
Validation,2,42,2189
Analysis,4,38,2019
Testing,1,25,3389
Development,5,46,3177
Development,2,35,3051
Testing,2,20,4998
Testing,3,13,3006
Validation,3,6,3155
Analysis,2,41,4285
Development,5,37,522
Analysis,8,27,2954
Testing,6,18,1657
Development,5,18,1965
Testing,5,29,4399
Analysis,3,49,2275
Analysis,8,28,1436
Analysis,6,13,2906
Validation,5,32,2232
Development,7,33,4490
Analysis,2,30,3972
Analysis,5,43,3076
Analysis,7,43,513
Analysis,2,16,3234
Validation,4,37,3126
Development,1,5,3924
Analysis,5,46,4094
Analysis,5,33,1283
Testing,1,26,2793
Validation,7,43,4403
Analysis,6,14,808
Testing,5,38,2230
Testing,6,25,1715
Validation,8,24,737
Development,2,22,504
Analysis,4,36,637
Testing,6,20,3647
Validation,5,48,3611
Validation,6,31,4867
Analysis,2,36,4653
Validation,4,7,2012
Validation,1,30,2387
Testing,2,24,2958
Development,3,46,518
Development,8,9,3263
Validation,8,38,859
Testing,2,10,847
Validation,7,34,532
Testing,1,43,4841
Validation,2,26,4980
Validation,2,38,2363
Testing,6,12,4833
Testing,4,38,1570
Validation,4,46,1637
Analysis,6,12,2250
Development,6,22,1426
Validation,4,29,3423
Testing,2,15,3815
Analysis,4,6,4480
Development,8,22,905
Validation,9,45,4202
Analysis,3,26,4067
Development,6,30,3884
Analysis,4,8,1870
Analysis,1,17,4286
Testing,1,11,1907
Testing,5,16,4706
Validation,5,42,2399
Validation,9,32,2542
Testing,8,35,2513
Development,4,16,553
Development,2,43,646
Testing,5,45,3987
Validation,1,5,2511
Development,1,10,1639
Analysis,4,23,858
Validation,7,11,4308
Analysis,9,49,4692
Analysis,9,21,4002
Analysis,6,32,1244
Development,2,37,2074
Analysis,9,7,1240
Development,2,17,4054
Development,8,34,2459
Analysis,6,11,1203
Development,2,26,643
Analysis,5,44,880
Development,6,15,947
Validation,5,12,2904
Validation,4,18,3949
Validation,8,40,966
Testing,4,41,3301
Development,3,49,3681
Development,8,11,1324
Validation,7,34,3206
Development,5,45,628
Validation,6,48,1056
Validation,1,47,1485
Analysis,4,19,4790
Testing,9,30,3863
Development,5,14,3157
Development,8,39,3027
Analysis,5,8,2272
Validation,1,29,1335
Validation,2,20,3779
Testing,6,32,1873
Testing,8,5,1965
Testing,7,27,2481
Validation,4,23,4679
Development,8,18,3131
Development,6,13,1947
Testing,2,34,967
Development,1,44,3207
Testing,1,38,3266
Analysis,5,10,3988
Analysis,2,44,4549
Analysis,3,22,3344
Validation,4,6,3346
Analysis,1,48,1806
Validation,5,42,2525
Validation,4,17,1778
Analysis,5,45,2954
Testing,6,38,1086
Development,3,19,1613
Analysis,6,20,4364
Testing,9,26,2017
Testing,7,24,4621
Development,4,36,535
Validation,4,40,778
Analysis,7,34,631
Development,1,7,1179
Testing,8,16,1933
Testing,1,18,4159
Testing,3,25,2533
Testing,1,17,4069
Development,8,34,904
Development,6,30,559
Testing,6,5,3144
Validation,2,5,4066
Development,4,28,2106
Development,9,8,4595
Validation,3,12,1913
Analysis,5,34,813
Development,6,48,3677
Testing,6,19,1493
Development,2,25,4017
Validation,6,39,2347
Testing,6,22,3927
Analysis,7,16,3547
Development,8,41,4959
Analysis,4,15,662
Validation,9,39,1217
Validation,1,9,1711
Analysis,1,13,2353
Validation,6,33,1448
Testing,6,26,2519
Development,2,5,3124
Analysis,7,26,4423
Validation,4,46,2453
Validation,4,43,2599
Validation,7,26,1387
Development,3,18,702
Validation,4,38,3939
Validation,9,15,4033
Analysis,4,43,3505
Testing,2,37,3303
Analysis,9,41,2528
Testing,1,8,1273
Testing,7,5,1117
Testing,2,17,1170
Analysis,4,39,2184
Validation,4,43,2590
Analysis,3,31,3844
Testing,9,45,3540
Analysis,5,41,1688
Testing,6,43,1978
Testing,6,11,4153
Development,8,10,855
Analysis,8,43,1823
Validation,3,29,3533
Development,2,26,2256
Testing,4,35,2012
Development,7,7,3438
Validation,8,6,3197
Development,7,26,4460
Testing,4,17,2249
Testing,9,48,4699
Development,2,39,1659
Validation,3,22,3919
Validation,1,45,2835
Validation,9,41,1116
Analysis,7,27,4482
Development,7,34,806
Validation,4,25,712
Validation,9,10,800
Analysis,7,19,3134
Analysis,7,7,881
Development,7,20,1153
Development,7,40,1192
Analysis,4,9,3230
Development,4,21,2411
Analysis,6,6,4626
Development,2,35,2958
Testing,4,28,4239
Analysis,5,43,2381
Testing,2,12,1081
Validation,8,11,959
Testing,2,22,1021
Validation,6,17,3012
Development,1,12,3682
Analysis,4,23,3697
Validation,1,18,4127
Development,6,13,750
Development,5,34,3114
Testing,6,31,987
Validation,9,38,2847
Testing,3,11,572
Development,6,41,4521
Analysis,8,13,2695
Validation,1,12,802
Development,9,22,2296
Validation,5,37,4972
Validation,4,12,4952
Testing,2,32,746
Validation,5,25,2643
Testing,9,10,2527
Analysis,7,13,3479
Development,5,37,3638
Testing,3,8,1477
Development,7,30,1453
Analysis,7,33,811
Validation,2,10,1521
Testing,5,11,3319
Testing,8,46,1853
Testing,8,34,2482
Testing,7,29,569
Testing,8,29,1565
Analysis,6,7,1456
Testing,7,8,3074
Validation,2,27,3750
Validation,1,11,918
Validation,1,49,4108
Validation,9,48,2228
Validation,8,12,4701
Testing,8,23,2910
Testing,2,49,4402
Testing,1,41,4548
Testing,6,15,2747
Analysis,7,31,4815
Testing,3,12,1968
Validation,2,33,3151
Validation,2,14,3174
Analysis,1,20,4592
Development,6,29,3034
Analysis,4,34,1704
Testing,2,23,1390
Analysis,6,9,4896
Testing,9,23,2988
Development,4,10,3368
Testing,9,45,2070
Analysis,7,45,910
Development,5,37,1911
Analysis,2,9,746
Analysis,4,32,3747
Development,9,23,2158
Analysis,2,47,2277
Development,2,19,2947
Validation,6,17,4752
Analysis,4,30,2800
Analysis,3,5,3377
Analysis,8,19,1387
Development,2,14,1451
Development,3,14,2156
Validation,6,23,2955
Validation,8,28,2484
Analysis,4,20,3996
Testing,7,43,3266
Analysis,9,46,4326
Analysis,3,23,4980
Analysis,4,20,2976
Analysis,4,10,4802
Testing,1,35,3520
Validation,6,34,4052
Analysis,2,17,4222
Analysis,4,23,4273
Analysis,9,9,2107
Development,2,47,585
Validation,9,20,908
Analysis,9,18,4718
Analysis,9,19,4172
Testing,6,38,1690
Development,7,48,4264
Development,7,42,1287
Development,3,5,2998
Testing,2,6,1978
Analysis,3,35,4732
Validation,7,31,4033
Validation,1,45,3962
Validation,6,35,643
Validation,3,8,1559
Testing,6,26,4429
Validation,9,5,1204
Testing,9,29,1671
Development,2,38,1844
Validation,2,45,1983
Testing,8,16,4337
Testing,6,49,4446
Testing,1,5,3215
Analysis,3,6,3697
Analysis,7,23,1574
Validation,3,24,2666
Development,2,24,1067
Validation,5,5,3024
Validation,7,41,1234
Development,9,18,3007
Testing,2,24,3133
Development,9,28,1098
Testing,5,49,1459
Validation,2,8,3321
Analysis,8,42,3145
Analysis,2,47,4989
Development,4,11,4761
Development,9,6,2367
Development,1,9,1323
Analysis,7,30,2476
Analysis,2,39,3591
Validation,2,46,4578
Validation,1,21,2436
Analysis,3,30,2313
Testing,8,49,2281
Analysis,6,49,2721
Analysis,2,12,4208
Analysis,3,29,3600
Validation,5,40,1338
Development,6,45,1634
Development,3,36,3372
Development,8,16,2667
Analysis,7,48,571
Development,7,8,1102
Development,9,17,4947
Development,2,45,4638
Testing,1,41,1397
Analysis,6,42,2361
Analysis,3,11,3317
Validation,5,40,4954
Development,7,15,3905
Development,6,25,701
Analysis,2,16,3031
Validation,2,13,2631
Analysis,9,41,701
Validation,2,16,4501
Analysis,7,40,823
Validation,2,32,4551
Analysis,7,47,3116
Analysis,5,41,1760
Validation,8,16,2847
Development,6,26,4036
Testing,8,22,3711
Development,9,39,2020
Validation,6,9,4157
Testing,6,42,1986
Validation,6,8,1805
Validation,7,22,2555
Testing,3,5,3365
Validation,1,32,4124
Validation,5,35,4319
Development,1,39,1381
Validation,5,45,582
Development,4,38,4129
Testing,2,14,2755
Testing,8,37,3390
Analysis,4,12,3526
Testing,9,6,2838
Analysis,7,26,3114
Testing,6,26,3873
Development,3,22,3034
Development,7,22,3358
Validation,1,24,2961
Testing,2,45,3394
Validation,6,47,3599
Development,1,22,2982
Testing,4,40,2571
Validation,2,47,1138
Validation,3,32,4610
Testing,4,28,604
Analysis,5,24,536
Testing,2,10,1939
Validation,8,9,1710
Validation,2,23,2168
Development,8,28,4279
Analysis,4,26,2901
Development,9,43,3883
Development,7,22,2434
Development,1,25,1968
Analysis,2,40,3550
Validation,6,12,4682
Analysis,2,47,1275
Validation,1,7,3979
Validation,3,45,728
Testing,2,28,1249
Analysis,7,11,2347
Development,6,30,2650
Analysis,9,11,3214
Testing,7,38,2960
Analysis,1,8,4245
Testing,8,31,1359
Analysis,3,47,910
Development,7,18,2311
Development,5,46,4800
Analysis,1,14,3424
Development,3,49,4499
Development,8,33,1299
Development,8,40,558
Validation,2,41,841
Validation,4,22,3469
Testing,8,37,4715
Validation,8,8,3676
Analysis,7,15,3662
Analysis,8,36,1999
Analysis,7,5,3242
Testing,9,24,3228
Testing,4,25,736
Testing,6,18,3974
Development,1,11,4001
Development,7,7,3967
Validation,4,35,1752
Validation,4,27,2785
Development,8,24,4599
Validation,3,20,1472
Analysis,4,24,4082
Validation,1,26,2470
Development,9,19,1263
Validation,1,35,1573
Development,6,22,2289
Testing,2,28,1876
Testing,5,20,1535
Development,3,18,500
Validation,1,11,3662
Validation,3,12,3982
Analysis,8,31,688
Testing,7,30,4236
Analysis,8,40,3749
Testing,4,47,4843
Testing,6,28,3663
Validation,7,42,4727
Validation,6,5,922
Validation,1,43,2551
Testing,3,30,2956
Validation,8,41,3063
Validation,3,40,756
Validation,3,16,3900
Testing,3,47,3700
Validation,4,46,2681
Testing,4,27,3132
Testing,3,41,764
Analysis,7,20,1368
Validation,9,26,3600
Testing,5,27,2580
Testing,1,38,2253
Development,3,22,2234
Development,4,16,2033
Validation,2,16,3246
Testing,4,7,4259
Development,6,45,815
Analysis,3,22,4898
Development,4,28,3992
Development,8,15,1538
Analysis,3,35,1017
Development,3,30,3045
Development,9,25,2449
Testing,5,26,4741
Validation,5,26,4062
Development,1,20,580
Analysis,9,13,3452
Testing,1,25,2844
Analysis,3,11,4288
Validation,8,13,851
Testing,5,14,4746
Testing,7,13,3665
Testing,9,35,623
Testing,7,10,1147
Testing,4,40,2028
Development,2,24,1821
Testing,1,11,4437
Testing,3,42,2120
Validation,8,22,834
Testing,1,17,2363
Validation,6,34,4695
Development,9,14,1372
Development,4,48,4440
Testing,4,33,1203
Validation,4,33,1447
Development,1,17,1524
Analysis,1,34,3332
Development,2,41,3968
Validation,9,15,2701
Development,2,15,3466
Validation,3,10,853
Testing,2,38,3476
Validation,3,43,1099
Analysis,4,25,4576
Development,7,12,4230
Testing,7,20,4634
Testing,7,40,3732
Analysis,9,31,3426
Analysis,8,40,4518
Validation,1,19,2798
Development,5,38,535
Validation,1,44,4479
Analysis,8,48,3949
Development,8,26,2197
Testing,9,46,3846
Testing,6,8,4042
Analysis,1,12,1120
Development,4,32,4903
Analysis,9,22,2145
Analysis,3,38,4854
Testing,9,26,2524
Analysis,2,34,3156
Development,5,48,3400
Development,7,28,749
Development,1,22,3850
Analysis,3,16,2270
Testing,4,36,852
Testing,1,36,3560
Analysis,3,47,2273
Testing,1,32,2427
Development,6,22,2947
Testing,3,41,3159
Analysis,4,15,2910
Development,3,34,2002
Validation,5,47,2269
Analysis,3,36,3193
Analysis,1,39,2513
Development,1,19,2454
Testing,9,39,1566
Development,8,42,4939
Development,8,5,3075
Analysis,9,34,4392
Development,1,27,2786
Testing,3,21,661
Testing,6,46,1169
Development,7,31,2739
Analysis,6,23,1951
Validation,6,44,2905
Testing,9,48,979
Validation,5,17,1186
Development,1,46,592
Validation,7,46,3823
Development,4,45,4739
Analysis,1,9,1643
Development,9,46,1506
Analysis,7,49,2868
Analysis,8,7,4679
Validation,9,39,4777
Validation,6,38,4522
Validation,3,19,646
Analysis,8,30,553
Testing,9,46,2425
Testing,6,22,1347
Development,3,16,2780
Validation,6,22,1120
Analysis,2,33,2187
Analysis,8,44,2836
Analysis,6,24,4364
Development,7,32,3137
Validation,5,41,3347
Validation,1,47,2409
Testing,5,20,4758
Validation,5,5,879
Testing,8,7,2273
Development,7,42,4410
Development,2,29,1269
Testing,1,44,4464
Development,7,21,4833
Validation,7,40,2736
Testing,5,46,1709
Validation,7,15,3263
Validation,9,14,2381
Development,5,39,725
Development,5,25,2859
Analysis,2,34,4725
Testing,7,34,3923
Analysis,9,47,3616
Validation,6,17,2697
Validation,6,33,3421
Development,3,27,2303
Development,1,21,1505
Analysis,3,39,4449
Analysis,8,49,780
Development,9,25,2943
Testing,9,8,1597
Analysis,4,46,3225
Analysis,8,7,3145
Validation,6,8,2078
Validation,2,30,1366
Testing,5,27,4708
Development,9,6,2582
Development,6,35,1567
Validation,3,25,4615
Development,6,42,1245
Testing,2,31,3056
Testing,6,7,4716
Development,2,12,4922
Development,8,33,4123
Validation,6,15,4186
Testing,1,29,715
Validation,3,38,2054
Validation,3,42,2398
Validation,7,5,4942
Testing,1,30,2415
Validation,1,15,2285
Validation,1,36,3562
Development,6,41,1121
Testing,7,28,4542
Development,9,38,2183
Analysis,2,29,3120
Analysis,7,12,897
Testing,7,18,2049
Development,4,6,3298
Testing,9,5,3215
Testing,1,39,560
Validation,1,41,2260
Validation,2,44,4273
Development,2,22,4856
Validation,4,15,2934
Development,5,31,517
Validation,3,32,2734
Testing,4,10,2685
Development,7,13,3910
Testing,3,46,900
Development,2,16,1536
Analysis,5,14,2438
Testing,6,47,4613
Development,3,20,3720
Validation,5,25,2810
Validation,8,17,3901
Analysis,6,6,4911
Validation,1,48,1620
Analysis,3,15,2128
Analysis,7,18,1551
Testing,1,45,1745
Development,7,31,1280
Development,8,11,644
Validation,1,46,1078
Testing,1,38,2787
Analysis,6,38,4068
Analysis,1,30,1032
Validation,4,40,4001
Validation,8,23,2249
Testing,7,32,2217
Testing,1,37,1807
Analysis,1,13,3337
Testing,7,19,848
Testing,7,16,2206
Testing,6,20,3053
Testing,8,22,3512
Validation,9,8,2945
Development,2,16,2803
Analysis,5,47,2659
Development,3,11,4289
Validation,5,33,1346
Validation,2,10,2962
Analysis,2,28,4725
Development,1,12,501
Testing,8,42,2692
Testing,9,35,4522
Analysis,1,22,1102
Testing,7,40,3309
Development,3,38,4954
Analysis,1,10,3316
Development,1,31,4818
Development,6,24,2038
Analysis,3,8,1096
Validation,4,37,2901
Validation,7,21,2749
Development,1,49,2442
Testing,6,15,906
Analysis,9,26,3003
Validation,4,9,2788
Analysis,2,17,542
Analysis,4,7,1441
Testing,3,49,3162
Analysis,3,5,3398
Validation,6,8,1374
Development,8,5,4210
Testing,6,11,4136
Testing,1,22,2330
Validation,9,22,4072
Development,2,45,509
Development,2,25,1908
Analysis,9,14,2204
Validation,6,6,4808
Analysis,9,13,3797
Testing,1,37,1451
Development,2,20,1882
Testing,8,48,4824
Analysis,5,7,2184
Analysis,9,14,1008
Validation,9,43,3427
Testing,4,16,1871
Development,4,43,1573
Validation,7,32,1829
Development,4,32,1973
Testing,1,17,2270
Development,4,47,3220
Validation,6,39,3599
Validation,8,6,1536
Analysis,4,12,1782
Testing,9,20,4234
Analysis,6,6,2446
Development,1,45,4342
Analysis,6,12,3455
Testing,1,15,4869
Testing,1,11,1675
Development,6,15,3391
Testing,7,33,4572
Analysis,2,6,1767
Development,5,29,1545
Development,3,40,2129
Testing,2,13,3023
Validation,9,18,2162
Testing,1,12,4218
Testing,5,28,4296
Testing,9,22,3049
Analysis,3,10,3497
Validation,2,43,3741
Development,8,38,3682
Testing,4,47,4614
Testing,7,49,1564
Validation,7,15,3298
Testing,8,36,3171
Analysis,6,34,3122
Validation,4,32,4108
Development,8,11,1253
Analysis,9,34,1107
Validation,8,46,942
Analysis,5,47,2080
Development,7,24,3431
Testing,1,19,2289
Analysis,5,35,4105
Testing,8,17,1685
Testing,6,16,3277
Development,8,29,1434
Testing,1,26,4809
Validation,8,23,4790
Development,9,48,1163
Testing,1,16,3905
Analysis,4,31,1104
Validation,3,10,4775
Development,9,8,1286
Development,8,15,4413
Analysis,3,33,1991
Development,5,49,630
Development,4,39,3582
Analysis,1,46,1776
Testing,7,5,2282
Analysis,5,44,3163
Testing,3,14,2889
Validation,1,47,2356
Testing,5,37,3668
Development,4,9,4756
Development,1,5,544
Analysis,5,44,2860
Development,1,41,2179
Analysis,3,32,549
Analysis,2,41,3727
Analysis,9,38,1301
Development,9,16,3837
Validation,8,37,1577
Development,3,49,4514
Development,6,7,4752
Testing,9,27,2222
Analysis,5,18,1864
Analysis,3,40,1971
Validation,8,31,4512
Development,7,38,2209
Analysis,8,26,666
Analysis,1,27,1573
Validation,3,33,4583
Analysis,6,15,1254
Analysis,9,9,4741
Development,5,13,3049
Analysis,4,45,4933
Validation,9,46,4716
Analysis,4,39,1833
Analysis,8,13,1459
Testing,4,28,757
Analysis,3,18,2792
Testing,3,26,1142
Testing,9,29,1071
Validation,1,10,2749
Validation,2,23,1506
Validation,1,19,1154
Development,6,36,1573
Validation,9,36,1157
Analysis,6,44,4370
Analysis,1,33,3759
Development,6,43,4676
Analysis,3,17,639
Analysis,8,40,3789
Analysis,4,34,1153
Validation,5,16,1601
Development,9,35,4972
Analysis,5,19,4135
Validation,4,29,514
Analysis,8,25,2072
Testing,2,11,4143
Analysis,6,49,2711
Testing,6,44,2659
Development,3,23,3904
Development,2,18,670
Validation,7,29,3260
Validation,8,28,2125
Validation,8,17,1199
Validation,3,28,2036
Development,7,22,1554
Analysis,7,6,3348
Analysis,7,35,4662
Testing,7,9,3299
Validation,7,36,4572
Validation,6,5,3374
Development,4,19,4503
Validation,7,35,2508
Testing,6,24,4337
Development,1,37,2290
Development,2,20,4632
Analysis,1,25,1041
Development,5,12,881
Validation,3,37,591
Development,4,13,2577
Testing,5,14,3268
Validation,8,22,3053
Validation,6,16,3420
Validation,1,32,1396
Validation,6,32,3400
Validation,2,7,4495
Validation,4,6,970
Analysis,9,9,3191
Testing,2,31,4211
Development,5,32,956
Testing,8,20,2080
Development,1,17,3262
Testing,6,21,2472
Development,9,34,2103
Testing,3,26,2733
Testing,3,25,4405
Analysis,2,5,2670
Testing,2,38,1366
Validation,1,29,3042
Testing,7,49,4614
Development,4,19,2590
Validation,2,17,4881
Testing,8,21,3153
Analysis,7,32,3594
Analysis,6,15,4226
Analysis,6,34,1256
Development,5,42,1200
Analysis,4,27,545
Analysis,8,20,859
Development,9,49,3405
Development,6,48,3533
Development,3,47,3630
Development,8,21,3051
Development,8,8,2038
Development,3,34,4007
Analysis,3,34,2098
Development,8,6,4757
Validation,8,26,2970
Testing,9,32,3119
Validation,7,28,1686
Development,3,36,1588
Testing,9,36,4827
Validation,9,35,3115
Testing,3,12,3169
Validation,1,17,3680
Testing,9,40,1188
Development,9,8,3315
Validation,6,7,4736
Testing,7,17,4553
Development,6,43,4306
Analysis,5,21,2818
Validation,8,22,4635
Analysis,5,19,976
Development,2,11,3624
Development,4,37,2141
Analysis,7,16,1535
Testing,7,10,915
Development,4,14,1486
Development,4,31,4002
Testing,4,21,3883
Development,4,40,3323
Validation,7,33,4989
Validation,5,24,4943
Validation,1,24,4632
Testing,7,32,1536
Analysis,6,33,2513
Development,4,24,3353
Analysis,4,48,4171
Development,1,34,2764
Validation,3,31,2521
Development,7,28,4847
Development,7,10,3801
Analysis,6,44,3287
Analysis,7,8,1751
Testing,1,28,2483
Testing,3,43,3652
Testing,6,12,3927
Testing,3,31,1705
Development,2,27,4334
Validation,1,26,4908
Development,1,44,4519
Analysis,9,15,1093
Analysis,3,27,2719
Analysis,3,41,3613
Testing,4,21,4634
Validation,6,23,1955
Analysis,9,10,1287
Testing,5,17,2226
Development,7,46,2782
Development,8,30,4530
Validation,2,13,1212
Analysis,2,6,4729
Development,8,49,4780
Development,6,22,1018
Testing,7,10,1063
Validation,1,5,4933
Analysis,3,20,4806
Testing,7,46,570
Validation,4,35,827
Development,7,33,3682
Development,6,25,2789
Development,3,14,2324
Development,9,39,4885
Analysis,8,17,2418
Analysis,2,38,2646
Testing,4,17,3128
Development,9,47,2918
Analysis,2,21,3656
Validation,1,41,950
Validation,1,28,4124
Validation,7,16,3243
Development,7,32,2992
Development,7,8,959
Analysis,8,18,1143
Development,7,20,590
Analysis,9,46,3563
Validation,7,47,3653
Testing,8,17,1555
Development,8,39,3074
Analysis,4,9,507
Development,4,47,4598
Analysis,4,15,4969
Analysis,9,46,2869
Validation,2,36,2458
Testing,9,41,2579
Validation,9,49,3724
Development,9,13,3387
Development,5,46,1261
Analysis,3,44,1882
Validation,4,42,1630
Development,4,30,3281
Development,9,6,3793
Testing,2,38,2236
Validation,3,47,3564
Analysis,7,42,541
Analysis,9,36,2199
Validation,8,33,2706
Development,5,21,4027
Development,5,19,3563
Analysis,5,19,4232
Testing,7,27,3817
Testing,6,31,1153
Development,4,6,4004
Testing,3,20,2361
Validation,8,49,2425
Development,9,30,820
Analysis,6,28,2876
Testing,8,12,4962
Development,8,33,1685
Validation,9,39,2046
Analysis,6,47,3958
Testing,5,20,3337
Development,6,6,4805
Validation,9,47,2905
Development,9,24,1501
Development,7,9,1231
Analysis,2,19,2443
Validation,3,18,4560
Validation,1,31,1964
Analysis,2,27,3942
Development,7,17,896
Development,6,24,4918
Validation,3,45,4656
Development,8,15,4780
Validation,9,39,4004
Testing,5,39,611
Development,9,7,2607
Development,3,31,4323
Validation,6,33,4028
Analysis,2,43,4401
Validation,6,45,798
Analysis,9,5,1109
Testing,9,49,4797
Testing,3,37,908
Testing,3,33,1740
Analysis,7,11,3018
Testing,2,34,931
Testing,2,48,3797
Analysis,3,49,4754
Development,6,6,4023
Analysis,5,24,3752
Analysis,1,24,3604
Development,2,10,4131
Development,1,49,1714
Testing,4,33,1287
Development,6,14,2376
Development,5,46,1229
Validation,4,32,4910
Validation,4,28,1582
Development,8,18,974
Analysis,6,33,1455
Validation,1,26,2847
Analysis,7,25,1210
Development,9,26,2020
Testing,3,21,4254
Validation,2,16,1460
Validation,9,19,1215
Testing,5,24,1959
Analysis,5,26,1968
Testing,3,28,1648
Testing,6,26,2717
Testing,1,11,4741
Development,3,42,4374
Analysis,4,14,3230
Validation,8,19,3688
Development,9,7,1141
Analysis,5,12,943
Development,7,18,2386
Testing,4,23,1021
Development,4,42,741
Development,4,9,2933
Testing,5,48,3367
Testing,5,9,3769
Testing,2,29,1939
Development,3,9,4963
Analysis,7,41,2770
Analysis,3,34,3103
Analysis,2,17,3536
Development,1,35,982
Validation,6,43,2204
Validation,8,36,1455
Testing,4,18,3173
Development,2,7,4448
Development,5,31,2125
Analysis,2,23,2280
Testing,8,43,2639
Validation,2,28,4030
Validation,4,7,4001
Analysis,2,10,972
Development,7,27,599
Testing,2,36,4145
Validation,4,7,4836
Testing,3,25,2215
Validation,1,15,2483
Testing,7,40,1886
Development,2,18,885
Validation,2,40,1961
Analysis,6,34,1888
Testing,1,45,3658
Testing,9,37,2407
Validation,6,17,945
Validation,7,36,1494
Development,6,41,2148
Analysis,3,20,4325
Testing,2,28,2894
Validation,8,7,1717
Analysis,4,45,3415
Analysis,1,18,579
Testing,1,12,866
Validation,2,34,1154
Validation,7,11,3669
Testing,3,5,3677
Validation,6,15,1127
Analysis,2,5,828
Analysis,7,29,2416
Validation,8,39,3973
Development,6,28,4077
Development,2,22,1807
Analysis,1,39,3458
Development,7,12,4908
Validation,4,9,4975
Development,2,16,3144
Analysis,5,45,4993
Testing,1,23,3166
Validation,8,26,4194
Analysis,7,6,3540
Analysis,3,11,3665
Validation,1,26,4467
Validation,1,5,1854
Testing,3,41,3793
Testing,6,27,751
Development,9,28,1626
Analysis,7,45,2257
Testing,3,41,1526
Validation,9,49,4543
Development,1,13,3171
Analysis,9,27,2191
Analysis,2,26,4488
Development,3,31,3553
Testing,2,7,954
Development,6,46,3614
Development,8,6,3586
Analysis,9,13,615
Testing,3,20,1964
Analysis,6,29,1343
Validation,1,14,1800
Analysis,8,25,4758
Development,8,43,798
Validation,7,34,3220
Validation,6,46,4260
Validation,1,25,4953
Testing,8,9,656
Analysis,8,11,2953
Testing,2,18,2998
Development,3,44,2676
Analysis,9,13,862
Testing,4,42,1545
Development,7,44,4767
Development,4,27,4276
Validation,4,24,2607
Analysis,1,38,2995
Development,7,20,3344
Testing,4,18,894
Testing,7,12,968
Analysis,5,49,4904
Validation,3,17,3295
Analysis,2,47,912
Validation,2,48,4105
Testing,9,35,2586
Validation,6,38,2188
Testing,7,39,2595
Analysis,3,32,628
Validation,9,31,550
Development,7,35,2777
Development,8,12,3529
Development,3,5,1849
Validation,3,37,2806
Analysis,1,36,1672
Validation,5,30,1942
Testing,9,26,1619
Testing,3,11,4837
Testing,9,8,4492
Testing,3,43,4644
Testing,8,27,552
Validation,9,43,617
Testing,5,41,980
Analysis,1,31,2758
Analysis,9,8,3316
Development,6,48,1208
Testing,4,22,4569
Testing,8,11,2459
Development,2,18,2445
Development,2,40,1097
Development,5,20,1889
Development,1,12,4115
Testing,5,37,628
Validation,2,10,1292
Analysis,8,11,1322
Testing,7,36,1820
Validation,2,25,4801
Testing,7,17,871
Testing,7,12,4781
Development,4,49,4559
Testing,9,24,510
Development,2,48,3118
Analysis,9,11,2771
Development,7,18,2865
Development,6,42,500
Development,7,19,1911
Analysis,1,9,2292
Testing,5,14,4450
Development,5,33,4808
Analysis,7,31,2891
Analysis,1,32,847
Development,5,38,4011
Development,4,16,2011
Analysis,6,46,4218
Analysis,3,14,4705
Analysis,4,32,2167
Analysis,5,49,1992
Development,2,38,1806
Development,9,45,2739
Analysis,2,22,3474
Validation,9,43,4573
Validation,7,21,3896
Testing,7,48,1863
Analysis,1,43,4203
Validation,5,36,3012
Validation,8,36,3012
Testing,3,20,4125
Analysis,5,6,3462
Analysis,9,23,3320
Testing,9,9,1331
Analysis,1,13,1350
Validation,8,43,2094
Validation,8,13,566
Validation,5,36,3581
Analysis,8,38,4687
Analysis,2,41,3836
Development,3,13,2203
Development,8,22,3429
Analysis,1,40,2285
Development,1,30,2029
Development,1,47,2882
Development,3,8,3529
Development,7,22,3813
Validation,4,21,2187
Testing,3,24,1942
Development,4,9,831
Validation,9,10,2700
Analysis,6,41,2081
Validation,1,13,2004
Development,8,44,1257
Analysis,8,48,4227
Validation,8,47,4318
Validation,1,19,3855
Validation,8,18,1378
Validation,7,11,2030
Development,9,38,1108
Analysis,9,34,2469
Development,4,14,3812
Analysis,5,13,570
Testing,7,13,2463
Analysis,9,18,4585
Validation,6,12,927
Analysis,5,45,3356
Development,4,47,1586
Testing,3,17,3234
Testing,7,45,1331
Testing,9,41,3994
Testing,6,41,724
Validation,8,17,4776
Testing,1,34,3954
Testing,9,46,4436
Validation,1,33,3936
Testing,2,14,3475
Development,3,25,2186
Validation,6,46,3463
Testing,3,17,4985
Validation,8,26,3495
Development,4,17,3441
Testing,6,13,1242
Development,7,11,3698
Development,6,27,1163
Development,6,5,4807
Testing,4,28,3789
Development,2,9,4022
Validation,6,13,4622
Testing,6,41,1663
Testing,3,23,3153
Analysis,4,35,984
Analysis,2,37,2383
Testing,9,44,1582
Testing,7,39,4633
Development,4,10,3577
Validation,7,22,948
Testing,9,46,4061
Validation,9,38,2761
Validation,7,21,1574
Validation,4,14,3236
Development,8,15,2157
Testing,2,16,3811
Testing,5,37,2591
Analysis,8,31,4058
Analysis,3,26,2619
Validation,5,17,2404
Analysis,1,10,4103
Analysis,8,49,3235
Validation,1,34,4526
Validation,7,46,950
Validation,4,25,2850
Validation,7,19,3514
Testing,2,20,4394
Analysis,6,31,868
Testing,2,27,1984
Testing,6,13,1202
Testing,3,15,4216
Testing,1,17,2968
Validation,1,27,1895
Testing,6,14,3561
Validation,4,31,2915
Testing,4,48,4110
Analysis,1,40,3747
Testing,5,30,3675
Validation,9,13,2286
Development,5,24,3166
Testing,1,31,3224
Analysis,1,23,3715
Development,4,21,1355
Development,5,29,2534
Testing,3,22,2000
Analysis,7,45,625
Development,3,25,3719
Validation,6,48,3895
Testing,8,11,1840
Analysis,6,14,1573
Development,1,45,3715
Testing,2,35,2460
Analysis,3,11,3685
Development,1,28,3479
Analysis,8,45,3946
Analysis,7,8,819
Testing,6,40,3922
Analysis,3,41,2752
Validation,2,15,1355
Analysis,6,41,3530
Analysis,5,43,4085
Validation,2,43,4906
Development,5,36,2924
Validation,5,37,3995
Validation,2,11,1161
Validation,1,43,4851
Development,1,44,1895
Testing,5,46,1273
Development,3,7,4336
Testing,5,47,3502
Analysis,6,48,563
Testing,5,43,3938
Development,5,27,3115
Validation,2,20,4742
Development,2,15,835
Validation,3,37,516
Testing,7,21,3553
Validation,9,16,2175
Testing,5,18,4129
Testing,2,24,3639
Validation,4,27,3047
Testing,1,40,4703
Analysis,3,11,4831
Analysis,4,22,1931
Validation,2,44,4595
Validation,8,15,4306
Validation,6,41,3544
Validation,8,15,936
Development,7,17,4467
Testing,6,31,4624
Analysis,5,32,4092
Testing,1,6,4181
Validation,2,20,3893
Validation,5,7,779
Development,6,47,4457
Analysis,3,28,2950
Validation,5,42,4771
Analysis,2,9,4703
Development,2,36,2873
Testing,9,48,4928
Analysis,5,16,2750
Analysis,6,40,2497
Testing,9,25,532
Analysis,4,22,3217
Development,3,15,2638
Testing,7,15,2270
Validation,2,34,3233
Development,1,20,2447
Analysis,7,38,2373
Validation,9,22,3014
Development,6,23,725
Testing,6,7,4999
Validation,2,38,590
Validation,9,49,4494
Testing,3,6,3209
Development,3,44,4631
Testing,6,47,4940
Validation,6,21,3567
Development,5,34,1872
Testing,7,38,2800
Development,6,24,2421
Development,7,19,1172
Analysis,8,15,3695
Analysis,9,38,4157
Testing,9,15,1909
Validation,2,38,1661
Validation,9,43,1460
Development,8,17,2246
Testing,7,17,1952
Validation,5,47,1322
Validation,5,32,4387
Testing,9,41,2604
Development,3,7,4495
Analysis,4,48,725
Development,2,6,2577
Development,9,25,1670
Analysis,5,35,1958
Development,9,46,1101
Development,8,5,4361
Validation,7,31,3741
Validation,2,33,2226
Testing,6,27,4830
Testing,6,35,616
Validation,1,35,2109
Testing,4,33,4298
Validation,9,33,3494
Development,8,30,1475
Analysis,2,20,3881
Development,5,26,3572
Testing,8,42,1529
Analysis,9,44,3773
Testing,9,32,4444
Testing,6,36,1896
Analysis,1,29,3417
Development,6,46,3296
Development,5,20,4679
Development,1,32,3016
Validation,8,19,1615
Development,6,11,1143
Testing,8,7,783
Testing,8,49,3960
Testing,3,40,4381
Development,5,36,697
Testing,6,22,1367
Validation,6,14,995
Testing,9,5,928
Analysis,1,30,3168
Testing,4,47,3211
Analysis,5,22,2516
Analysis,8,42,4365
Development,3,32,1111
Testing,1,17,1606
Validation,8,49,2355
Development,2,32,4669
Validation,1,20,3784
Validation,4,20,4832
Analysis,2,40,1365
Development,4,18,4893
Validation,1,19,2423
Validation,5,14,3866
Testing,7,15,949
Development,7,47,3523
Development,8,26,2254
Testing,8,16,4410
Development,8,33,4994
Analysis,1,34,4506
Validation,9,7,1908
Testing,6,47,3656
Development,3,36,4393
Analysis,5,13,2078
Testing,4,32,1298
Analysis,8,34,4467
Development,6,49,1863
Development,2,26,1919
Testing,6,31,3240
Testing,3,17,1682
Validation,7,20,4672
Development,3,31,2058
Validation,4,19,3741
Testing,7,22,2069
Testing,3,14,4508
Testing,1,34,3324
Testing,1,9,2315
Development,4,8,2846
Analysis,1,40,1475
Development,5,43,2577
Development,1,40,2279
Analysis,2,35,1772
Development,5,45,1868
Validation,9,49,2485
Analysis,2,48,3804
Analysis,4,35,2251
Analysis,4,9,1426
Testing,3,41,1668
Validation,7,23,707
Analysis,9,9,3766
Testing,3,49,2073
Development,9,44,2997
Development,8,28,4613
Analysis,9,17,4962
Analysis,1,14,2642
Validation,9,35,2527
Validation,8,46,4220
Testing,5,44,2415
Analysis,3,22,3209
Testing,2,26,1253
Testing,5,9,3831
Development,4,8,1317
Analysis,1,33,2530
Validation,9,47,4951
Development,1,44,4501
Validation,2,27,4568
Validation,6,29,3162
Analysis,8,36,2616
Validation,4,9,3457
Testing,5,41,3508
Validation,4,39,4946
Development,9,44,4668
Testing,6,49,864
Validation,6,18,1726
Development,3,11,3232
Testing,4,39,2845
Testing,8,29,1081
Analysis,8,25,2423
Analysis,7,33,4579
Analysis,8,49,2886
Testing,6,24,2889
Validation,7,43,2279
Development,9,15,3036
Testing,5,24,2186
Analysis,3,18,1108
Development,5,29,933
Development,9,11,3935
Validation,5,30,2854
Development,5,11,3018
Analysis,6,19,2369
Development,3,12,3578
Development,7,26,989
Development,3,32,2804
Testing,6,48,3945
Validation,1,29,4603
Validation,3,42,2992
Validation,4,42,2742
Testing,3,47,3910
Validation,6,28,4539
Development,1,7,1301
Validation,6,34,3847
Validation,6,39,1518
Validation,8,23,2635
Testing,3,24,2048
Testing,4,24,3310
Analysis,5,9,820
Development,3,30,1902
Development,7,26,2820
Testing,9,25,676
Analysis,5,48,1657
Analysis,6,9,4813
Validation,9,22,1974
Validation,1,36,3551
Testing,9,34,3494
Analysis,7,23,4783
Validation,3,41,4591
Testing,7,5,1994
Validation,2,9,876
Validation,4,35,3968
Development,3,24,2202
Analysis,6,27,1727
Analysis,3,36,4681
Development,6,13,3157
Validation,4,37,741
Development,8,36,3675
Analysis,6,31,4443
Development,3,32,3161
Testing,9,37,4628
Testing,1,24,2272
Analysis,4,6,2301
Testing,4,26,1070
Analysis,5,19,664
Development,3,11,4213
Testing,1,37,2699
Analysis,2,23,3474
Analysis,1,29,1180
Validation,2,34,3255
Validation,5,33,2487
Development,4,45,1030
Testing,8,31,688
Validation,7,49,2812
Validation,6,21,4456
Validation,8,6,4359
Validation,1,34,1231
Testing,5,18,2622
Analysis,8,41,2969
Analysis,2,19,3886
Validation,2,37,2006
Analysis,4,14,4193
Development,4,28,535
Analysis,1,19,1885
Analysis,9,35,1128
Analysis,1,29,3502
Validation,4,44,3689
Validation,7,37,942
Testing,2,16,1497
Validation,6,33,2145
Analysis,6,10,2251
Validation,9,9,1966
Development,1,14,2134
Validation,2,44,1462
Development,7,46,1004
Validation,8,12,2548
Analysis,7,36,4014
Testing,3,25,1172
Validation,9,9,1131
Development,2,26,988
Validation,1,20,553
Validation,7,26,3929
Validation,5,20,3737
Development,6,11,4394
Analysis,3,29,1586
Development,3,18,4644
Analysis,4,6,4879
Analysis,6,12,1636
Analysis,2,33,4057
Testing,1,10,2961
Validation,2,9,2658
Validation,9,16,4847
Analysis,9,27,3198
Testing,5,25,844
Testing,1,7,4124
Testing,2,21,3565
Testing,8,44,4712
Analysis,4,16,694
Analysis,7,32,2310
Development,5,37,2398
Validation,8,31,1207
Validation,6,6,3894
Development,9,19,2836
Analysis,5,7,2684
Validation,8,39,2895
Development,4,18,2843
Development,9,27,2181
Analysis,8,45,1794
Testing,2,21,4655
Testing,5,19,3989
Testing,1,27,2093
Validation,4,17,4168
Development,8,5,607
Analysis,6,6,2945
Validation,6,5,1518
Analysis,9,19,4019
Validation,9,46,3805
Testing,4,18,3139
Testing,5,8,4298
Validation,3,34,2061
Testing,2,42,3785
Validation,1,44,3864
Analysis,4,36,2244
Development,3,28,3614
Validation,8,16,3305
Testing,4,20,1298
Development,2,12,2619
Analysis,3,44,2310
Testing,2,9,3635
Validation,7,22,4709
Analysis,7,30,4118
Testing,9,33,3693
Testing,2,21,3889
Analysis,5,44,4143
Analysis,7,21,4488
Analysis,7,36,4440
Validation,7,6,4098
Analysis,9,6,4363
Analysis,9,42,3831
Development,7,37,4727
Testing,8,10,726
Analysis,6,12,2273
Testing,9,8,2229
Validation,2,5,2608
Development,2,37,4613
Testing,6,45,4453
Validation,4,14,4386
Validation,3,41,3062
Testing,9,13,2213
Testing,2,23,2735
Validation,1,6,3263
Development,9,5,625
Analysis,9,18,3099
Analysis,6,41,2814
Development,4,41,2128
Validation,6,34,1218
Development,6,26,1202
Testing,2,15,1715
Development,6,22,2491
Analysis,3,26,2590
Development,3,47,2816
Analysis,2,6,2265
Analysis,2,21,3425
Validation,3,20,3794
Validation,9,14,704
Analysis,6,6,523
Validation,4,8,3018
Development,3,21,1750
Validation,5,22,4823
Development,7,30,4415
Testing,2,33,1806
Development,5,19,4152
Development,5,5,4921
Validation,3,12,2995
Analysis,6,26,1658
Development,9,34,2651
Testing,9,31,2162
Analysis,3,8,1102
Analysis,5,12,3014
Validation,1,44,4187
Testing,5,24,4980
Testing,3,16,4933
Validation,6,19,3639
Validation,4,27,3531
Testing,3,15,1949
Testing,5,44,1649
Development,6,11,534
Testing,4,49,4602
Validation,3,43,4179
Testing,5,44,1789
Validation,7,30,4430
Validation,7,11,3486
Validation,2,49,3522
Analysis,9,22,1243
Analysis,3,36,1649
Validation,7,14,3246
Analysis,2,7,4187
Analysis,9,42,3015
Validation,7,36,4681
Testing,1,9,1767
Analysis,7,25,1153
Analysis,8,34,3823
Development,8,15,4559
Testing,8,15,4681
Testing,7,45,1087
Analysis,5,21,818
Testing,7,19,907
Analysis,3,35,1847
Analysis,5,20,3059
Testing,2,33,3933
Development,9,35,4876
Testing,8,10,3962
Validation,4,32,4809
Validation,4,32,3656
Development,3,15,4460
Development,2,10,942
Validation,6,39,2592
Validation,9,48,1690
Testing,9,16,1694
Analysis,3,7,4998
Analysis,1,44,1905
Validation,5,6,1268
Testing,2,18,4285
Validation,8,13,2913
Development,8,18,817
Development,3,45,3578
Testing,1,22,3466
Development,8,7,1604
Testing,9,29,4747
Validation,5,34,2319
Validation,3,5,3183
Testing,3,42,3840
Testing,7,13,3981
Testing,9,20,2902
Validation,9,39,3159
Testing,2,5,815
Testing,1,33,518
Development,3,12,1410
Validation,9,26,4455
Validation,8,43,1074
Development,6,38,1106
Development,8,13,3944
Development,7,34,2028
Development,7,35,3340
Validation,1,12,2483
Development,2,40,2974
Development,5,27,2652
Validation,3,19,1081
Testing,9,39,1578
Testing,2,44,4982
Development,3,9,1724
Analysis,2,14,1024
Testing,3,37,1217
Validation,4,7,3672
Development,9,21,1453
Testing,6,42,4270
Testing,8,5,1761
Development,6,34,4709
Analysis,9,20,1470
Validation,3,21,1165
Testing,1,20,3324
Validation,2,6,4987
Validation,3,9,2004
Validation,1,33,1541
Validation,2,21,3768
Testing,9,28,731
Analysis,1,17,3977
Validation,1,13,4694
Validation,8,14,1596
Testing,3,15,4885
Development,2,13,2394
Analysis,5,24,4941
Testing,7,37,539
Validation,9,47,3836
Analysis,6,47,2889
Testing,4,10,2894
Testing,5,10,3722
Analysis,3,14,4080
Development,6,39,3760
Development,8,46,4674
Validation,5,41,1028
Development,4,46,3078
Validation,8,16,1728
Analysis,5,41,4736
Analysis,6,38,2731
Validation,6,46,4145
Analysis,4,26,1115
Analysis,8,41,3665
Development,3,38,712
Development,6,14,2051
Testing,8,24,1827
Analysis,9,44,654
Development,3,42,4663
Validation,1,33,2494
Analysis,8,28,1029
Testing,6,25,2541
Testing,1,20,1817
Validation,6,20,2771
Analysis,8,23,1671
Development,7,18,3199
Validation,7,47,974
Analysis,2,45,2187
Analysis,6,20,758
Validation,2,40,4345
Development,2,42,3014
Testing,7,42,2434
Testing,4,46,4062
Testing,1,8,3076
Testing,1,35,3815
Testing,2,16,3170
Testing,1,19,3987
Development,8,40,3369
Validation,7,6,3370
Validation,7,48,4052
Validation,9,20,1426
Validation,1,17,2911
Development,1,38,4685
Validation,3,10,1049
Validation,6,10,4236
Validation,6,21,3247
Validation,3,36,2420
Validation,4,41,1555
Analysis,6,46,2283
Testing,9,22,3655
Validation,2,32,3869
Testing,6,7,611
Development,9,28,2533
Testing,8,40,1430
Development,2,21,1278
Development,9,13,1993
Testing,7,25,3688
Development,8,13,4667
Analysis,9,11,1964
Testing,7,25,4074
Validation,6,42,2820
Testing,8,5,2069
Development,6,37,4381
Development,9,10,3003
Development,4,17,4906
Validation,7,7,724
Testing,4,21,4073
Analysis,2,35,632
Testing,1,18,887
Analysis,5,18,2111
Analysis,1,33,3303
Testing,9,28,4765
Analysis,5,9,3610
Testing,3,22,1090
Development,8,45,4270
Validation,3,7,2330
Testing,9,38,4979
Testing,2,47,4680
Testing,6,31,4089
Validation,4,21,2510
Validation,2,20,2062
Validation,5,8,1476
Analysis,4,42,3529
Testing,4,42,2220
Testing,6,29,1747
Testing,9,20,2367
Analysis,7,16,1768
Validation,6,45,3341
Development,5,43,3607
Testing,5,9,1896
Development,5,5,2315
Analysis,2,48,2125
Analysis,9,10,1453
Validation,6,40,1696
Development,3,34,2237
Testing,8,14,2598
Development,3,14,3634
Development,5,24,1406
Analysis,4,47,3650
Analysis,6,18,4486
Analysis,2,24,920
Validation,4,48,4490
Development,7,44,508
Testing,4,22,4845
Validation,4,27,3198
Analysis,2,47,1509
Analysis,8,12,4167
Validation,4,6,2255
Validation,7,39,2123
Testing,4,34,4630
Development,3,39,3908
Analysis,1,20,1348
Testing,5,31,2995
Analysis,1,32,4320
Validation,8,10,4715
Development,6,42,1498
Validation,2,5,1434
Development,3,14,3910
Validation,6,46,2009
Validation,6,16,681
Analysis,2,13,3304
Analysis,7,11,1622
Analysis,8,17,4332
Testing,2,49,1015
Development,7,38,1685
Development,1,23,4422
Analysis,9,39,1210
Testing,2,37,598
Analysis,2,12,4383
Development,8,41,3799
Development,7,14,1566
Testing,3,32,1922
Validation,3,23,4135
Testing,9,7,2871
Testing,8,35,3634
Validation,9,20,3342
Validation,9,18,4847
Development,9,22,4880
Development,9,5,2892
Analysis,8,10,4039
Analysis,8,25,1719
Testing,9,20,834
Validation,9,22,760
Development,5,13,2172
Analysis,1,31,3062
Testing,1,44,3714
Validation,6,36,2523
Validation,2,34,4479
Testing,2,46,979
Validation,3,26,4955
